year,state,genre,event_count
2022,AK,alternative rock,2
2022,AK,americana,1
2022,AK,contemporary country,1
2022,AK,country pop,2
2022,AK,folk,1
2022,AK,folk punk,1
2022,AK,hard rock,3
2022,AK,indie folk,1
2022,AK,indie rock,3
2022,AK,melodic hardcore,1
2022,AK,psychobilly,1
2022,AK,unknown,3
2022,AL,alternative rock,1
2022,AL,country,2
2022,AL,folk,1
2022,AL,hardcore,2
2022,AL,indie pop,2
2022,AL,indie rock,1
2022,AL,metalcore,1
2022,AL,new age,1
2022,AL,post-hardcore,1
2022,AL,power pop,1
2022,AL,punk,2
2022,AL,rock,1
2022,AL,rock music,2
2022,AL,symphonic metal,1
2022,AL,unknown,1
2022,AR,alternative rock,1
2022,AR,art rock,1
2022,AR,country,2
2022,AR,country music,1
2022,AR,folk,2
2022,AR,"folk, world, & country",1
2022,AR,hardcore,3
2022,AR,house,1
2022,AR,indie,2
2022,AR,unknown,6
2022,AZ,alternative,1
2022,AZ,americana,1
2022,AZ,contemporary jazz,1
2022,AZ,dubstep,2
2022,AZ,edm,1
2022,AZ,electronic,3
2022,AZ,folk rock,2
2022,AZ,future bass,1
2022,AZ,hard rock,1
2022,AZ,hardcore,1
2022,AZ,indie pop,1
2022,AZ,indie rock,1
2022,AZ,jam band,1
2022,AZ,punk,2
2022,AZ,punk rock,1
2022,CA,dance,2
2022,CA,deep house,1
2022,CA,edm,2
2022,CA,electro house,1
2022,CA,electronic,1
2022,CA,fusion,1
2022,CA,hard rock,1
2022,CA,hardcore,1
2022,CA,house,1
2022,CA,jazz,1
2022,CA,pop,1
2022,CA,queer,1
2022,CA,r&b,1
2022,CA,soft rock,1
2022,CA,soul,1
2022,CA,unknown,3
2022,CO,americana,1
2022,CO,bass house,1
2022,CO,bluegrass,1
2022,CO,country,1
2022,CO,dubstep,4
2022,CO,electronic,5
2022,CO,future bass,2
2022,CO,hard rock,1
2022,CO,indie,1
2022,CO,indie pop,1
2022,CO,rock,1
2022,CO,unknown,1
2022,CT,alternative,1
2022,CT,comedy,1
2022,CT,country,1
2022,CT,experimental,2
2022,CT,folk,3
2022,CT,funk,1
2022,CT,indie pop,1
2022,CT,pop,1
2022,CT,psychedelic rock,1
2022,CT,punk,1
2022,CT,rock,2
2022,CT,singer-songwriter,2
2022,CT,soul,1
2022,CT,unknown,2
2022,DE,alternative rock,1
2022,DE,blues rock,1
2022,DE,comedy,1
2022,DE,country rock,1
2022,DE,doom metal,3
2022,DE,folk,2
2022,DE,metal,1
2022,DE,metalcore,2
2022,DE,psychedelic,1
2022,DE,rock music,1
2022,DE,trip hop,1
2022,DE,unknown,5
2022,FL,alternative rock,3
2022,FL,contemporary r&b,2
2022,FL,crunk,1
2022,FL,edm,3
2022,FL,funk,2
2022,FL,hip hop,4
2022,FL,pop rap,1
2022,FL,rnb,1
2022,FL,rock,1
2022,FL,surf rock,1
2022,FL,techno,1
2022,GA,country rock,1
2022,GA,dance-pop,1
2022,GA,folk rock,2
2022,GA,funk rock,2
2022,GA,hard rock,1
2022,GA,horror rock,1
2022,GA,indie pop,2
2022,GA,indie rock,2
2022,GA,jam band,2
2022,GA,melodic dubstep,1
2022,GA,melodic metalcore,1
2022,GA,progressive bluegrass,2
2022,GA,unknown,2
2022,HI,alternative rock,2
2022,HI,comedy,2
2022,HI,pop,4
2022,HI,reggae rock,8
2022,HI,unknown,4
2022,IA,christian rock,1
2022,IA,classic rock,1
2022,IA,classical,1
2022,IA,contemporary country,1
2022,IA,cookbook,1
2022,IA,country,3
2022,IA,folk,2
2022,IA,hard rock,1
2022,IA,heavy metal,1
2022,IA,indie rock,1
2022,IA,new age,2
2022,IA,pop,2
2022,IA,soul,1
2022,IA,surf rock,1
2022,IA,unknown,1
2022,ID,alternative hip hop,2
2022,ID,contemporary country,1
2022,ID,country,1
2022,ID,crunk,1
2022,ID,emo,1
2022,ID,folk,1
2022,ID,g-funk,1
2022,ID,heavy metal,2
2022,ID,hip hop,2
2022,ID,indie rock,1
2022,ID,jazz,1
2022,ID,new age,2
2022,ID,pop,2
2022,ID,southern rock,1
2022,ID,vocal,1
2022,IL,alternative rock,2
2022,IL,avant-garde jazz,1
2022,IL,bluegrass,1
2022,IL,club,1
2022,IL,contemporary r&b,2
2022,IL,dance,1
2022,IL,dub,1
2022,IL,electronic,1
2022,IL,folk,1
2022,IL,funktronica,1
2022,IL,hip-hop,1
2022,IL,house,1
2022,IL,indie pop,1
2022,IL,jam band,1
2022,IL,jazz-funk,1
2022,IL,rock,1
2022,IL,unknown,2
2022,IN,alternative rock,4
2022,IN,classic rock,2
2022,IN,comedy,6
2022,IN,country rock,1
2022,IN,hard rock,1
2022,IN,new age,2
2022,IN,pop rock,1
2022,IN,progressive rock,1
2022,IN,unknown,2
2022,KS,alternative rock,1
2022,KS,atmospheric black metal,1
2022,KS,black metal,1
2022,KS,country,2
2022,KS,country music,1
2022,KS,death metal,2
2022,KS,experimental rock,1
2022,KS,folk,1
2022,KS,hard rock,2
2022,KS,indie rock,1
2022,KS,new age,2
2022,KS,pop punk,1
2022,KS,post-hardcore,1
2022,KS,soft rock,1
2022,KS,thrash metal,1
2022,KS,unknown,1
2022,KY,alternative rock,2
2022,KY,ambient,1
2022,KY,avant-garde,1
2022,KY,black metal,1
2022,KY,country,1
2022,KY,country blues,1
2022,KY,country pop,1
2022,KY,country rock,1
2022,KY,doom metal,1
2022,KY,electro,1
2022,KY,new age,1
2022,KY,nu metal,1
2022,KY,post-metal,1
2022,KY,punk,2
2022,KY,unknown,4
2022,LA,bluegrass,2
2022,LA,blues,2
2022,LA,doom metal,1
2022,LA,funk,1
2022,LA,jazz,2
2022,LA,punk,1
2022,LA,rock,2
2022,LA,soul,1
2022,LA,thrash metal,1
2022,LA,unknown,7
2022,MA,alternative rock,1
2022,MA,death metal,1
2022,MA,electric blues,1
2022,MA,folk,1
2022,MA,funk,1
2022,MA,hard rock,1
2022,MA,indie,1
2022,MA,indie pop,1
2022,MA,metal,1
2022,MA,metalcore,2
2022,MA,pop,1
2022,MA,post rock,1
2022,MA,rave,2
2022,MA,rock,1
2022,MA,unknown,4
2022,MD,a cappella,1
2022,MD,alternative rock,2
2022,MD,electronic,1
2022,MD,hardcore,1
2022,MD,hardcore punk,1
2022,MD,hip hop,2
2022,MD,indie rock,1
2022,MD,installation art,1
2022,MD,jazz fusion,2
2022,MD,psychedelic,1
2022,MD,punk,1
2022,MD,r&b,1
2022,MD,singer-songwriter,2
2022,MD,unknown,3
2022,ME,americana,1
2022,ME,black metal,1
2022,ME,bluegrass,1
2022,ME,country,1
2022,ME,east coast hip hop,1
2022,ME,experimental,1
2022,ME,folk,1
2022,ME,garage rock,1
2022,ME,hardcore punk,1
2022,ME,hip-hop,1
2022,ME,indie rock,2
2022,ME,jam band,1
2022,ME,psychedelic,1
2022,ME,rap,1
2022,ME,rock,1
2022,ME,rock music,2
2022,ME,swing revival,1
2022,ME,trip hop,1
2022,MI,alternative rock,5
2022,MI,blues,2
2022,MI,comedy,1
2022,MI,country,1
2022,MI,hardcore,1
2022,MI,pop,1
2022,MI,reggae rock,1
2022,MI,ska,1
2022,MI,symphonic metal,2
2022,MI,thrash,2
2022,MI,unknown,3
2022,MN,ambient,1
2022,MN,chamber pop,1
2022,MN,comedy,1
2022,MN,death metal,2
2022,MN,dubstep,2
2022,MN,electronic,2
2022,MN,funk,1
2022,MN,indie pop,1
2022,MN,jazz,2
2022,MN,new wave,1
2022,MN,pop,1
2022,MN,punk,1
2022,MN,symphonic metal,1
2022,MN,unknown,3
2022,MO,alternative rock,4
2022,MO,blues,1
2022,MO,electronic,1
2022,MO,grindcore,1
2022,MO,hard rock,1
2022,MO,hardcore,1
2022,MO,pop,1
2022,MO,progressive house,2
2022,MO,satire,1
2022,MO,symphonic metal,2
2022,MO,unknown,5
2022,MS,alternative rock,1
2022,MS,blues,3
2022,MS,contemporary christian,1
2022,MS,country,1
2022,MS,dance,1
2022,MS,folk,1
2022,MS,heavy metal,1
2022,MS,hip-hop,1
2022,MS,indie,1
2022,MS,indie rock,3
2022,MS,jam band,1
2022,MS,rock,1
2022,MS,rockabilly,2
2022,MS,southern rock,1
2022,MS,unknown,1
2022,MT,alternative rock,2
2022,MT,bluegrass,5
2022,MT,country,1
2022,MT,folk,3
2022,MT,funk,1
2022,MT,garage rock,1
2022,MT,indie rock,1
2022,MT,new age,2
2022,MT,pop,1
2022,MT,rock,2
2022,MT,thrash metal,1
2022,NC,acid jazz,1
2022,NC,bluegrass music,2
2022,NC,folk,1
2022,NC,folk rock,1
2022,NC,funk,2
2022,NC,hard rock,2
2022,NC,pop,1
2022,NC,pop punk,1
2022,NC,psychedelic,3
2022,NC,punk rock,1
2022,NC,reggae,1
2022,NC,synth-pop,1
2022,NC,unknown,3
2022,ND,a cappella,1
2022,ND,alternative country,1
2022,ND,alternative rock,1
2022,ND,americana,1
2022,ND,contemporary country,1
2022,ND,country,1
2022,ND,death metal,1
2022,ND,folk,1
2022,ND,hard rock,2
2022,ND,heavy metal,1
2022,ND,lo-fi,1
2022,ND,pop,2
2022,ND,rock,1
2022,ND,thrash metal,2
2022,ND,unknown,3
2022,NE,alternative metal,3
2022,NE,contemporary christian,1
2022,NE,cookbook,1
2022,NE,country,1
2022,NE,death metal,3
2022,NE,hard rock,1
2022,NE,hip hop,1
2022,NE,math rock,1
2022,NE,metal,1
2022,NE,new age,3
2022,NE,post-hardcore,1
2022,NE,rock,1
2022,NE,thrash metal,1
2022,NE,unknown,1
2022,NH,alternative punk,1
2022,NH,alternative rock,1
2022,NH,big band,1
2022,NH,death metal,1
2022,NH,downtempo,1
2022,NH,emo,2
2022,NH,folk,1
2022,NH,funk,1
2022,NH,indie rock,1
2022,NH,metal,1
2022,NH,metalcore,2
2022,NH,post-hardcore,1
2022,NH,punk,1
2022,NH,rock,2
2022,NH,rock opera,1
2022,NH,trip hop,1
2022,NH,unknown,1
2022,NJ,acid,1
2022,NJ,experimental,1
2022,NJ,funk,2
2022,NJ,indie,1
2022,NJ,indie pop,1
2022,NJ,jazz,1
2022,NJ,new wave,1
2022,NJ,pop punk,1
2022,NJ,punk,1
2022,NJ,reggae,1
2022,NJ,rock,2
2022,NJ,rock & roll,1
2022,NJ,salsa,1
2022,NJ,unknown,5
2022,NM,alternative r&b,1
2022,NM,dark electro,1
2022,NM,dark wave,1
2022,NM,folk,1
2022,NM,"folk, world, & country",3
2022,NM,funk,1
2022,NM,groove metal,1
2022,NM,hardcore punk,1
2022,NM,indie pop,1
2022,NM,math rock,1
2022,NM,metal,1
2022,NM,psychedelic,2
2022,NM,punk rock,1
2022,NM,soul,1
2022,NM,thrash metal,1
2022,NM,unknown,2
2022,NV,alternative rock,2
2022,NV,comedy rock,1
2022,NV,contemporary r&b,1
2022,NV,dance,2
2022,NV,dubstep,1
2022,NV,electro,1
2022,NV,electroacoustic,1
2022,NV,electronic,1
2022,NV,hip-hop,2
2022,NV,parody,1
2022,NV,pop,2
2022,NV,reggae,1
2022,NV,rock,1
2022,NV,trance,1
2022,NV,trap edm,1
2022,NV,unknown,1
2022,NY,alternative rock,2
2022,NY,dance,1
2022,NY,dance-pop,1
2022,NY,dance-punk,1
2022,NY,electroclash,1
2022,NY,electronic,1
2022,NY,funk,1
2022,NY,hardcore punk,1
2022,NY,hip hop,1
2022,NY,hyperpop,1
2022,NY,new wave,1
2022,NY,pop,4
2022,NY,rnb,1
2022,NY,rock,2
2022,NY,rock & roll,1
2022,OH,americana,1
2022,OH,black comedy,1
2022,OH,blues rock,2
2022,OH,comedy,1
2022,OH,contemporary country,1
2022,OH,country,1
2022,OH,indie,1
2022,OH,indie rock,1
2022,OH,jam band,2
2022,OH,jazz,1
2022,OH,punk,1
2022,OH,punk rock,1
2022,OH,reggae rock,2
2022,OH,roots reggae,1
2022,OH,symphonic metal,2
2022,OH,unknown,1
2022,OK,comedy,1
2022,OK,contemporary r&b,1
2022,OK,country,3
2022,OK,emo,1
2022,OK,experimental,1
2022,OK,folk,1
2022,OK,hardcore,1
2022,OK,hardcore punk,1
2022,OK,hip hop,1
2022,OK,hip house,1
2022,OK,industrial metal,1
2022,OK,noise rock,1
2022,OK,pop,1
2022,OK,post-punk,1
2022,OK,rock,1
2022,OK,satire,1
2022,OK,thrash metal,1
2022,OK,unknown,1
2022,OR,alternative rock,1
2022,OR,country,1
2022,OR,folk,1
2022,OR,garage punk,1
2022,OR,heavy metal,1
2022,OR,heavy rock,1
2022,OR,house,1
2022,OR,indie pop,1
2022,OR,indie rock,1
2022,OR,lounge,2
2022,OR,pigfuck,1
2022,OR,pop,1
2022,OR,progressive rock,1
2022,OR,punk,1
2022,OR,rock,2
2022,OR,unknown,3
2022,PA,americana,1
2022,PA,bluegrass,1
2022,PA,blues,1
2022,PA,comedy,1
2022,PA,dance,1
2022,PA,emo,2
2022,PA,experimental rock,1
2022,PA,funk,3
2022,PA,hard rock,1
2022,PA,house,1
2022,PA,indie,1
2022,PA,jam band,1
2022,PA,jazz,1
2022,PA,soul,1
2022,PA,unknown,3
2022,RI,alternative,1
2022,RI,alternative folk,1
2022,RI,alternative rock,2
2022,RI,ambient,1
2022,RI,emo,1
2022,RI,experimental,1
2022,RI,experimental rock,1
2022,RI,folk,1
2022,RI,hard rock,1
2022,RI,hardcore,1
2022,RI,hardcore punk,1
2022,RI,indie rock,1
2022,RI,installation art,1
2022,RI,pop rock,1
2022,RI,post-hardcore,1
2022,RI,psychedelic rock,2
2022,RI,rock music,2
2022,SC,alternative,1
2022,SC,alternative hip hop,1
2022,SC,alternative metal,1
2022,SC,alternative rock,1
2022,SC,death metal,1
2022,SC,gangsta,1
2022,SC,grindcore,1
2022,SC,hard rock,1
2022,SC,hardcore,4
2022,SC,indie,1
2022,SC,metal,1
2022,SC,metalcore,2
2022,SC,soul,1
2022,SC,unknown,3
2022,SD,contemporary christian,1
2022,SD,contemporary country,1
2022,SD,country,1
2022,SD,crunk,1
2022,SD,folk,1
2022,SD,g-funk,1
2022,SD,heavy metal,1
2022,SD,hip hop,2
2022,SD,pop,1
2022,SD,punk,2
2022,SD,punk rock,1
2022,SD,unknown,6
2022,SD,vocal,1
2022,TN,americana,1
2022,TN,blues rock,1
2022,TN,comedy,1
2022,TN,contemporary country,2
2022,TN,country,9
2022,TN,country music,1
2022,TN,country pop,1
2022,TN,jam band,1
2022,TN,jazz-rock,1
2022,TN,pop,1
2022,TN,soul,1
2022,TX,alternative dance,1
2022,TX,alternative hip hop,1
2022,TX,big band,1
2022,TX,country,2
2022,TX,country rap,1
2022,TX,electro house,1
2022,TX,experimental,1
2022,TX,gothic,1
2022,TX,hardstyle,1
2022,TX,indie pop,1
2022,TX,indie rock,1
2022,TX,psychedelic rock,1
2022,TX,psychobilly,1
2022,TX,soul,2
2022,TX,unknown,4
2022,UT,alternative rock,1
2022,UT,bluegrass music,2
2022,UT,classical crossover,2
2022,UT,comedy,3
2022,UT,dance,1
2022,UT,drag queen,1
2022,UT,hard rock,1
2022,UT,new age,5
2022,UT,pop,1
2022,UT,punk,1
2022,UT,vocal,1
2022,UT,vocal house,1
2022,VA,alternative rock,1
2022,VA,bluegrass,1
2022,VA,country,1
2022,VA,folk,3
2022,VA,folk rock,2
2022,VA,hip hop,2
2022,VA,indie rock,1
2022,VA,jam band,3
2022,VA,new wave,1
2022,VA,psychedelic,1
2022,VA,punk,1
2022,VA,unknown,3
2022,VT,black metal,1
2022,VT,disco,3
2022,VT,emo,1
2022,VT,folk,1
2022,VT,garage rock,1
2022,VT,indie,2
2022,VT,indie pop,1
2022,VT,indie rock,1
2022,VT,new wave,2
2022,VT,noise rock,1
2022,VT,reggae,1
2022,VT,rock,4
2022,VT,singer-songwriter,1
2022,WA,alternative rock,2
2022,WA,crunk,1
2022,WA,doom metal,1
2022,WA,folk,2
2022,WA,funk,1
2022,WA,hardcore punk,1
2022,WA,indie pop,1
2022,WA,math rock,1
2022,WA,punk rock,2
2022,WA,rock,2
2022,WA,smooth jazz,5
2022,WA,unknown,1
2022,WI,alternative pop,1
2022,WI,alternative rock,4
2022,WI,bluegrass,1
2022,WI,electronica,1
2022,WI,emo,1
2022,WI,folk,1
2022,WI,garage rock,1
2022,WI,heavy metal,2
2022,WI,indie,1
2022,WI,indie pop,1
2022,WI,new wave,1
2022,WI,nu metal,4
2022,WI,punk,1
2022,WV,alternative rock,2
2022,WV,contemporary country,1
2022,WV,country,2
2022,WV,country music,1
2022,WV,hard rock,2
2022,WV,heavy metal,1
2022,WV,new age,2
2022,WV,punk rock,1
2022,WV,reggae,1
2022,WV,rock,2
2022,WV,singer-songwriter,1
2022,WV,soul-jazz,1
2022,WV,thrash metal,1
2022,WV,unknown,2
2022,WY,alternative rock,2
2022,WY,country,4
2022,WY,country music,1
2022,WY,crunk,1
2022,WY,death metal,3
2022,WY,experimental,1
2022,WY,folk rock,1
2022,WY,g-funk,1
2022,WY,grindcore,1
2022,WY,hip hop,2
2022,WY,new age,1
2022,WY,thrash metal,1
2022,WY,vocal,1
2023,AK,#chicagolivemusic,1
2023,AK,acoustic,1
2023,AK,alternative country,1
2023,AK,big band,2
2023,AK,bluegrass,2
2023,AK,contemporary folk,5
2023,AK,country music,1
2023,AK,electronic,2
2023,AK,hip hop,1
2023,AK,post-hardcore,1
2023,AK,singer-songwriter,2
2023,AK,unknown,1
2023,AL,alternative rock,1
2023,AL,beatdown hardcore,1
2023,AL,bluegrass,1
2023,AL,crossover thrash,1
2023,AL,death metal,2
2023,AL,downtempo,1
2023,AL,electronic,1
2023,AL,garage rock,1
2023,AL,hardcore,1
2023,AL,hardcore punk,2
2023,AL,metalcore,1
2023,AL,noise rock,1
2023,AL,post-hardcore,1
2023,AL,power violence,1
2023,AL,rock and roll,1
2023,AL,unknown,3
2023,AR,brutal death metal,1
2023,AR,country rock,1
2023,AR,crossover thrash,1
2023,AR,dance,1
2023,AR,death metal,2
2023,AR,gangsta rap,1
2023,AR,hard rock,1
2023,AR,hardcore,3
2023,AR,hardcore punk,3
2023,AR,indie,1
2023,AR,metalcore,3
2023,AR,post-hardcore,1
2023,AR,sludge metal,1
2023,AZ,a cappella,1
2023,AZ,dubstep,2
2023,AZ,electronic,3
2023,AZ,emo,1
2023,AZ,experimental,1
2023,AZ,garage rock,1
2023,AZ,hardcore,1
2023,AZ,hip hop,1
2023,AZ,house,1
2023,AZ,indie rock,1
2023,AZ,metalcore,1
2023,AZ,pop,1
2023,AZ,pop punk,1
2023,AZ,punk,2
2023,AZ,punk rock,1
2023,AZ,yacht rock,1
2023,CA,alternative r&b,1
2023,CA,bluegrass music,1
2023,CA,blues,1
2023,CA,dance,1
2023,CA,edm,2
2023,CA,funk,1
2023,CA,indie,1
2023,CA,jazz,2
2023,CA,música popular brasileira,1
2023,CA,pop,1
2023,CA,punk,1
2023,CA,punk rock,1
2023,CA,rock,1
2023,CA,soul,2
2023,CA,tech house,1
2023,CA,trip hop,1
2023,CA,unknown,1
2023,CO,#chicagolivemusic,1
2023,CO,country,1
2023,CO,deep house,1
2023,CO,downtempo,1
2023,CO,dubstep,2
2023,CO,edm,2
2023,CO,electronic,4
2023,CO,folk,1
2023,CO,gothic country,1
2023,CO,hip hop,1
2023,CO,house,1
2023,CO,punk,1
2023,CO,rock,1
2023,CO,unknown,2
2023,CT,alternative rock,1
2023,CT,contemporary r&b,3
2023,CT,doom metal,1
2023,CT,experimental,1
2023,CT,folk,2
2023,CT,hard rock,2
2023,CT,pop,1
2023,CT,punk,2
2023,CT,rock,1
2023,CT,singer-songwriter,2
2023,CT,stoner rock,1
2023,CT,unknown,3
2023,DE,boom bap,1
2023,DE,contemporary country,1
2023,DE,contemporary r&b,1
2023,DE,dream pop,1
2023,DE,electronic,2
2023,DE,emo,1
2023,DE,folk,2
2023,DE,folk punk,1
2023,DE,folk rock,1
2023,DE,indie pop,1
2023,DE,jazz,1
2023,DE,metal,1
2023,DE,rock,3
2023,DE,singer-songwriter,1
2023,DE,trance,1
2023,DE,tribute band,1
2023,FL,americana,2
2023,FL,country blues,1
2023,FL,country rock,1
2023,FL,dance-pop,1
2023,FL,edm,3
2023,FL,electro-funk,1
2023,FL,hip hop,4
2023,FL,house,1
2023,FL,pop rock,1
2023,FL,rock,1
2023,FL,unknown,4
2023,GA,alternative rock,2
2023,GA,country,1
2023,GA,electronic,2
2023,GA,funk,1
2023,GA,funk rock,1
2023,GA,hardcore,1
2023,GA,house,1
2023,GA,indie rock,1
2023,GA,jam band,3
2023,GA,noise rock,1
2023,GA,post-hardcore,1
2023,GA,psychedelic,1
2023,GA,rock,1
2023,GA,southern rock,2
2023,GA,surf rock,1
2023,HI,contemporary gospel,3
2023,HI,dream pop,1
2023,HI,folk,1
2023,HI,pop,4
2023,HI,reggae rock,6
2023,HI,unknown,5
2023,IA,alternative metal,1
2023,IA,american,1
2023,IA,big band,1
2023,IA,breaks,2
2023,IA,contemporary christian,3
2023,IA,country,2
2023,IA,hard rock,1
2023,IA,new age,2
2023,IA,new wave,1
2023,IA,pop punk,1
2023,IA,post-hardcore,1
2023,IA,punk,1
2023,IA,rock and roll,1
2023,IA,saturday night live,1
2023,IA,unknown,1
2023,ID,alternative pop,1
2023,ID,alternative rock,1
2023,ID,american primitive guitar,1
2023,ID,country,2
2023,ID,death metal,2
2023,ID,deathgrind,1
2023,ID,doom metal,1
2023,ID,electronic,1
2023,ID,experimental,1
2023,ID,folk,1
2023,ID,funk,1
2023,ID,hard rock,1
2023,ID,indie,1
2023,ID,indie folk,1
2023,ID,piano rock,1
2023,ID,pop,1
2023,ID,rock,2
2023,IL,alternative rock,5
2023,IL,bluegrass,1
2023,IL,chicago blues,1
2023,IL,classical crossover,1
2023,IL,comedy,1
2023,IL,dark wave,1
2023,IL,electronic,1
2023,IL,hardcore,2
2023,IL,hip hop,1
2023,IL,indie pop,1
2023,IL,indie rock,2
2023,IL,jam band,1
2023,IL,pop punk,1
2023,IL,unknown,1
2023,IN,a cappella,2
2023,IN,alternative punk,1
2023,IN,alternative rock,2
2023,IN,country,1
2023,IN,funk,1
2023,IN,house,1
2023,IN,indie rock,1
2023,IN,progressive house,1
2023,IN,punk,1
2023,IN,rap,1
2023,IN,reggae,1
2023,IN,rock,1
2023,IN,symphonic metal,2
2023,IN,unknown,4
2023,KS,alternative country,1
2023,KS,alternative metal,1
2023,KS,alternative rock,1
2023,KS,christian rock,1
2023,KS,comedy,1
2023,KS,contemporary country,1
2023,KS,folk pop,1
2023,KS,folk punk,1
2023,KS,hard rock,1
2023,KS,hardcore,1
2023,KS,indie,1
2023,KS,indie rock,1
2023,KS,pop,2
2023,KS,pop punk,1
2023,KS,punk,1
2023,KS,soft rock,1
2023,KS,symphonic metal,1
2023,KS,unknown,2
2023,KY,alternative rock,1
2023,KY,american,1
2023,KY,americana,2
2023,KY,audiobook,1
2023,KY,crossover thrash,1
2023,KY,folk,2
2023,KY,jam band,1
2023,KY,metal,1
2023,KY,punk,2
2023,KY,rock,1
2023,KY,soft rock,1
2023,KY,techno,1
2023,KY,unknown,5
2023,LA,alternative dance,1
2023,LA,alternative rock,1
2023,LA,americana,1
2023,LA,bayou funk,1
2023,LA,bluegrass,2
2023,LA,funk,1
2023,LA,hip hop,1
2023,LA,indie rock,1
2023,LA,jazz-funk,1
2023,LA,metalcore,2
2023,LA,progressive bluegrass,2
2023,LA,punk,1
2023,LA,unknown,5
2023,MA,alternative pop,1
2023,MA,alternative rock,1
2023,MA,breakcore,1
2023,MA,country blues,1
2023,MA,electronic,2
2023,MA,folk,1
2023,MA,funk,2
2023,MA,garage rock,1
2023,MA,indie pop,1
2023,MA,indie rock,1
2023,MA,pop,1
2023,MA,rnb/swing,1
2023,MA,rock,2
2023,MA,rock music,1
2023,MA,unknown,3
2023,MD,alternative rock,1
2023,MD,ballad,1
2023,MD,bluegrass,2
2023,MD,classical music,1
2023,MD,contemporary christian music,1
2023,MD,contemporary country,1
2023,MD,country rock,1
2023,MD,electronic,1
2023,MD,emo,1
2023,MD,folk,1
2023,MD,hard rock,1
2023,MD,indie rock,1
2023,MD,installation art,1
2023,MD,metal,1
2023,MD,pop punk,1
2023,MD,rock,1
2023,MD,unknown,2
2023,MD,vocal jazz,1
2023,ME,emo,1
2023,ME,folk,3
2023,ME,folk rock,1
2023,ME,"folk, world, & country",1
2023,ME,funk,1
2023,ME,hard rock,2
2023,ME,hip-hop,1
2023,ME,indie pop,1
2023,ME,metal,1
2023,ME,noise rock,1
2023,ME,psychedelic,1
2023,ME,punk,2
2023,ME,rap,1
2023,ME,swing,1
2023,ME,unknown,2
2023,MI,blues rock,1
2023,MI,classical,2
2023,MI,comedy,2
2023,MI,country,1
2023,MI,country music,1
2023,MI,electronic,2
2023,MI,hard rock,1
2023,MI,hardcore punk,1
2023,MI,jazz,1
2023,MI,progressive bluegrass,2
2023,MI,rock,1
2023,MI,ska,2
2023,MI,soul,2
2023,MI,unknown,1
2023,MN,breaks,1
2023,MN,dance,1
2023,MN,edm,1
2023,MN,electropop,1
2023,MN,folk,2
2023,MN,free jazz,1
2023,MN,hard rock,1
2023,MN,indie,1
2023,MN,indie pop,2
2023,MN,polka,1
2023,MN,pop punk,1
2023,MN,punk,1
2023,MN,punk rock,1
2023,MN,rock,1
2023,MN,symphonic metal,1
2023,MN,unknown,3
2023,MO,american idol,1
2023,MO,blue-eyed soul,1
2023,MO,classical,3
2023,MO,contemporary christian,3
2023,MO,dubstep,2
2023,MO,folk punk,1
2023,MO,hard rock,1
2023,MO,hardcore,1
2023,MO,progressive trance,1
2023,MO,southern rock,1
2023,MO,unknown,5
2023,MS,acid rock,1
2023,MS,alternative country,1
2023,MS,blues rock,2
2023,MS,comedy,1
2023,MS,country,5
2023,MS,country music,1
2023,MS,dixieland,1
2023,MS,emo,1
2023,MS,folk pop,1
2023,MS,garage rock,1
2023,MS,indie rock,2
2023,MS,progressive bluegrass,1
2023,MS,rock,1
2023,MS,sludge metal,1
2023,MT,alternative metal,1
2023,MT,alternative rock,1
2023,MT,americana,2
2023,MT,bluegrass,2
2023,MT,bluegrass music,3
2023,MT,blues rock,1
2023,MT,folk,1
2023,MT,funk,1
2023,MT,rock,3
2023,MT,rock and roll,5
2023,NC,afro-cuban jazz,1
2023,NC,alternative,1
2023,NC,drone,1
2023,NC,emo,1
2023,NC,folk,1
2023,NC,folk rock,1
2023,NC,funk,1
2023,NC,hip-hop,1
2023,NC,indie,1
2023,NC,jazz fusion,1
2023,NC,noise rock,1
2023,NC,pop punk,1
2023,NC,punk,1
2023,NC,punk rock,1
2023,NC,rnb,1
2023,NC,rock,1
2023,NC,rock and roll,1
2023,NC,shoegaze,1
2023,NC,soul,1
2023,NC,unknown,1
2023,ND,a cappella,1
2023,ND,alternative metal,1
2023,ND,breaks,2
2023,ND,christian rock,1
2023,ND,country,1
2023,ND,country rock,1
2023,ND,cybergrind,1
2023,ND,emo,1
2023,ND,folk pop,1
2023,ND,glam metal,1
2023,ND,hard rock,1
2023,ND,new age,2
2023,ND,rhythm & blues,4
2023,ND,screamo,1
2023,ND,unknown,1
2023,NE,art rock,1
2023,NE,country,1
2023,NE,death metal,2
2023,NE,electronic,1
2023,NE,folk,1
2023,NE,hard rock,2
2023,NE,hip hop,2
2023,NE,horror punk,1
2023,NE,melodic death metal,1
2023,NE,metal,1
2023,NE,metalcore,1
2023,NE,new age,1
2023,NE,nu metal,2
2023,NE,rap,1
2023,NE,rock,1
2023,NE,unknown,1
2023,NH,alternative rock,2
2023,NH,dark electro,1
2023,NH,emo,1
2023,NH,folk,1
2023,NH,folk rock,1
2023,NH,hard rock,1
2023,NH,hardstyle,1
2023,NH,indie rock,1
2023,NH,jazz,1
2023,NH,metalcore,1
2023,NH,new wave,1
2023,NH,post-hardcore,1
2023,NH,punk,1
2023,NH,rap,2
2023,NH,rock,1
2023,NH,rock opera,1
2023,NH,underground hip hop,1
2023,NH,unknown,1
2023,NJ,dance-pop,1
2023,NJ,doom metal,1
2023,NJ,edm,2
2023,NJ,electronic,1
2023,NJ,folk punk,2
2023,NJ,indie,1
2023,NJ,jazz,1
2023,NJ,punk,1
2023,NJ,rock,2
2023,NJ,rock music,1
2023,NJ,unknown,7
2023,NM,alternative rock,1
2023,NM,big beat,1
2023,NM,black metal,1
2023,NM,contemporary christian,1
2023,NM,contemporary r&b,1
2023,NM,desert rock,1
2023,NM,"folk, world, & country",3
2023,NM,hip hop,3
2023,NM,punk,4
2023,NM,red dirt,1
2023,NM,unknown,3
2023,NV,country,1
2023,NV,dance,2
2023,NV,electro house,1
2023,NV,electronic,1
2023,NV,folk punk,1
2023,NV,hip hop,1
2023,NV,hip-hop,1
2023,NV,house,1
2023,NV,indie rock,1
2023,NV,minimal techno,1
2023,NV,pop,5
2023,NV,rock,1
2023,NV,tech house,3
2023,NY,blues rock,2
2023,NY,dixieland,1
2023,NY,dream pop,1
2023,NY,dubstep,2
2023,NY,folk,2
2023,NY,gypsy punk,1
2023,NY,hardcore punk,1
2023,NY,noise rock,1
2023,NY,pop,1
2023,NY,reggae,1
2023,NY,rock,1
2023,NY,rock & roll,1
2023,NY,rock music,1
2023,NY,southern hip hop,1
2023,NY,techno,1
2023,NY,unknown,2
2023,OH,alternative rock,1
2023,OH,country,1
2023,OH,dance,1
2023,OH,doom metal,1
2023,OH,folk,1
2023,OH,funk,1
2023,OH,garage rock,1
2023,OH,hard rock,1
2023,OH,hip-hop,1
2023,OH,horrorcore,1
2023,OH,indie rock,1
2023,OH,jam band,1
2023,OH,metal,1
2023,OH,nu metal,1
2023,OH,punk,1
2023,OH,rap,1
2023,OH,soul,1
2023,OH,symphonic metal,1
2023,OH,unknown,2
2023,OK,alternative rock,1
2023,OK,christian rock,1
2023,OK,comedy,2
2023,OK,country,5
2023,OK,country music,2
2023,OK,emo,1
2023,OK,folk,1
2023,OK,hard rock,1
2023,OK,pop punk,1
2023,OK,rap,1
2023,OK,rock,1
2023,OK,singer-songwriter,2
2023,OK,unknown,1
2023,OR,blues,1
2023,OR,folk,2
2023,OR,folk punk,2
2023,OR,funk,1
2023,OR,garage rock,1
2023,OR,hardcore,2
2023,OR,indie pop,1
2023,OR,jam band,1
2023,OR,progressive rock,1
2023,OR,psychedelic rock,1
2023,OR,rock,3
2023,OR,unknown,4
2023,PA,alternative rock,2
2023,PA,bluegrass,1
2023,PA,boom bap,1
2023,PA,country,1
2023,PA,dixieland,1
2023,PA,drum and bass,1
2023,PA,dubstep,1
2023,PA,electronic,3
2023,PA,emo,1
2023,PA,funk,1
2023,PA,jam band,1
2023,PA,pop punk,1
2023,PA,rap,1
2023,PA,reggae,1
2023,PA,rock,1
2023,PA,rock and roll,1
2023,PA,unknown,1
2023,RI,alternative pop,1
2023,RI,classical crossover,1
2023,RI,death metal,1
2023,RI,electronic,2
2023,RI,hard rock,1
2023,RI,hardcore,1
2023,RI,heavy metal,1
2023,RI,hip-hop,1
2023,RI,indie pop,1
2023,RI,indie rock,1
2023,RI,melodic death metal,1
2023,RI,post-punk,1
2023,RI,psychedelic rock,1
2023,RI,punk,1
2023,RI,reggae,1
2023,RI,singer-songwriter,1
2023,RI,unknown,3
2023,SC,death metal,1
2023,SC,deathcore,1
2023,SC,electronic,1
2023,SC,folk,3
2023,SC,heavy metal,1
2023,SC,industrial,1
2023,SC,jam band,1
2023,SC,metalcore,2
2023,SC,punk,1
2023,SC,punk rock,1
2023,SC,southern rock,2
2023,SC,technical death metal,1
2023,SC,unknown,4
2023,SD,alternative country,1
2023,SD,alternative metal,1
2023,SD,americana,1
2023,SD,breaks,2
2023,SD,christian rock,1
2023,SD,contemporary country,1
2023,SD,country,3
2023,SD,country rock,1
2023,SD,emo,2
2023,SD,hard rock,2
2023,SD,hardcore,2
2023,SD,holiday,1
2023,SD,rhythm & blues,1
2023,SD,rock,1
2023,TN,alternative,1
2023,TN,alternative rock,1
2023,TN,american idol,1
2023,TN,bluegrass,1
2023,TN,blues rock,1
2023,TN,contemporary christian,1
2023,TN,country,5
2023,TN,folk,1
2023,TN,indie,1
2023,TN,indie rock,1
2023,TN,punk,1
2023,TN,rock,1
2023,TN,singer-songwriter,1
2023,TN,southern rock,1
2023,TN,traditional folk music,1
2023,TN,unknown,1
2023,TX,americana,2
2023,TX,big band,1
2023,TX,blues,1
2023,TX,dubstep,2
2023,TX,experimental,1
2023,TX,folk,1
2023,TX,hard rock,1
2023,TX,hardcore,1
2023,TX,hardcore hip hop,1
2023,TX,indie,1
2023,TX,punk rock,1
2023,TX,southern rock,1
2023,TX,texas blues,1
2023,TX,unknown,5
2023,UT,chicago house,1
2023,UT,edm,2
2023,UT,experimental,1
2023,UT,heavy metal,3
2023,UT,hip hop,1
2023,UT,house,1
2023,UT,indie,1
2023,UT,indie rock,1
2023,UT,melodic death metal,1
2023,UT,new wave,1
2023,UT,pop,1
2023,UT,punk,1
2023,UT,rock,1
2023,UT,rock and roll,1
2023,UT,speed metal,1
2023,UT,trance,1
2023,UT,unknown,1
2023,VA,alternative,1
2023,VA,blues rock,1
2023,VA,country,3
2023,VA,folk,3
2023,VA,funk,1
2023,VA,jazz,1
2023,VA,new wave,1
2023,VA,psychedelic,1
2023,VA,punk,1
2023,VA,rock,3
2023,VA,southern rock,2
2023,VA,unknown,2
2023,VT,blues rock,1
2023,VT,disco,2
2023,VT,funk,2
2023,VT,indie,1
2023,VT,rap,2
2023,VT,reggae,1
2023,VT,rock,1
2023,VT,rock opera,1
2023,VT,stoner rock,1
2023,VT,unknown,8
2023,WA,afrobeat,1
2023,WA,alternative rock,1
2023,WA,blues,1
2023,WA,classic rock,1
2023,WA,dance,1
2023,WA,dubstep,1
2023,WA,edm,2
2023,WA,electronic,1
2023,WA,hard rock,2
2023,WA,indie,1
2023,WA,indie pop,2
2023,WA,progressive house,1
2023,WA,punk,1
2023,WA,rock,1
2023,WA,smooth jazz,1
2023,WA,trance,1
2023,WA,unknown,1
2023,WI,alternative rock,2
2023,WI,doom metal,1
2023,WI,folk,1
2023,WI,hard rock,1
2023,WI,nu metal,1
2023,WI,pop punk,1
2023,WI,punk,4
2023,WI,punk rock,2
2023,WI,rock,1
2023,WI,symphonic metal,2
2023,WI,unknown,4
2023,WV,americana,1
2023,WV,country,4
2023,WV,disco,1
2023,WV,hard rock,1
2023,WV,hardcore punk,1
2023,WV,indie rock,1
2023,WV,nu metal,1
2023,WV,rock,3
2023,WV,smooth jazz,1
2023,WV,surf,1
2023,WV,unknown,5
2023,WY,americana,1
2023,WY,breaks,1
2023,WY,contemporary country,1
2023,WY,country,1
2023,WY,emo,1
2023,WY,experimental,1
2023,WY,indie,1
2023,WY,indie rock,1
2023,WY,metalcore,1
2023,WY,noise rock,2
2023,WY,nu metal,1
2023,WY,pop,1
2023,WY,punk,1
2023,WY,rap,1
2023,WY,rock,2
2023,WY,soul,1
2023,WY,spoken word,1
2023,WY,unknown,1
2024,AK,alternative rock,2
2024,AK,country,1
2024,AK,electronic,1
2024,AK,emo,2
2024,AK,folk,4
2024,AK,folk pop,1
2024,AK,goa,1
2024,AK,hard rock,2
2024,AK,hip hop,1
2024,AK,metal,1
2024,AK,pop,1
2024,AK,post-hardcore,1
2024,AK,soul,1
2024,AK,unknown,1
2024,AL,alternative rock,1
2024,AL,bluegrass,1
2024,AL,death metal,1
2024,AL,downtempo,1
2024,AL,eurodance,1
2024,AL,folk,1
2024,AL,freestyle,1
2024,AL,hardcore,1
2024,AL,new age,2
2024,AL,punk,1
2024,AL,rock,2
2024,AL,screamo,1
2024,AL,unknown,6
2024,AR,alternative metal,1
2024,AR,alternative rock,1
2024,AR,country music,1
2024,AR,death metal,1
2024,AR,doom metal,1
2024,AR,folk,2
2024,AR,folk rock,1
2024,AR,heavy metal,1
2024,AR,hyperpop,1
2024,AR,metal,1
2024,AR,piano rock,1
2024,AR,pop rock,1
2024,AR,post-hardcore,1
2024,AR,red dirt,1
2024,AR,rock music,2
2024,AR,soul,1
2024,AR,tech house,1
2024,AR,unknown,1
2024,AZ,country,1
2024,AZ,cumbia,2
2024,AZ,dance,1
2024,AZ,dubstep,2
2024,AZ,electronic,2
2024,AZ,hardcore punk,1
2024,AZ,heavy metal,1
2024,AZ,jam band,2
2024,AZ,progressive house,1
2024,AZ,psychedelic,1
2024,AZ,punk,2
2024,AZ,rock,1
2024,AZ,stoner rock,1
2024,AZ,unknown,2
2024,CA,#chicagolivemusic,1
2024,CA,big room house,1
2024,CA,cowboy poetry,1
2024,CA,dance,1
2024,CA,disco,1
2024,CA,edm,1
2024,CA,electronic,2
2024,CA,experimental,2
2024,CA,future pop,1
2024,CA,hard rock,2
2024,CA,mariachi,1
2024,CA,progressive house,1
2024,CA,psychedelic,1
2024,CA,punk rock,1
2024,CA,rock,2
2024,CA,unknown,1
2024,CO,breakbeat,1
2024,CO,dance,1
2024,CO,dubstep,4
2024,CO,electronic,3
2024,CO,folk,1
2024,CO,funk,2
2024,CO,garage rock,1
2024,CO,house,2
2024,CO,indie rock,1
2024,CO,jam band,1
2024,CO,pop,1
2024,CO,progressive bluegrass,1
2024,CO,psychedelic rock,1
2024,CT,alternative rock,1
2024,CT,dance-pop,1
2024,CT,folk,2
2024,CT,funk,2
2024,CT,hardcore,4
2024,CT,hardcore punk,2
2024,CT,hip-hop,1
2024,CT,indie,1
2024,CT,rock,3
2024,CT,singer-songwriter,1
2024,CT,unknown,2
2024,DE,alternative country,1
2024,DE,celtic,1
2024,DE,contemporary country,2
2024,DE,contemporary folk,1
2024,DE,country rock,1
2024,DE,doom metal,2
2024,DE,electronic,1
2024,DE,electropop,1
2024,DE,emo,1
2024,DE,folk,2
2024,DE,hard rock,1
2024,DE,heavy metal,1
2024,DE,pop,1
2024,DE,rockabilly,1
2024,DE,singer-songwriter,1
2024,DE,tech house,1
2024,DE,unknown,1
2024,FL,alternative rock,1
2024,FL,americana,1
2024,FL,blues,1
2024,FL,breaks,1
2024,FL,dance,1
2024,FL,downtempo,1
2024,FL,electronic,1
2024,FL,funktronica,1
2024,FL,hard trance,1
2024,FL,hip hop,3
2024,FL,pop,3
2024,FL,psychedelic,1
2024,FL,rap,1
2024,FL,unknown,3
2024,GA,a cappella,1
2024,GA,alternative rock,2
2024,GA,boogie rock,1
2024,GA,contemporary country,1
2024,GA,folk,1
2024,GA,funk rock,1
2024,GA,glitch,1
2024,GA,hardcore,1
2024,GA,hardcore punk,1
2024,GA,horror rock,1
2024,GA,indie,3
2024,GA,indie rock,1
2024,GA,psychedelic,1
2024,GA,punk,1
2024,GA,rock,1
2024,GA,southern rock,2
2024,HI,conscious,1
2024,HI,contemporary r&b,2
2024,HI,dance,1
2024,HI,folk,2
2024,HI,folk rock,1
2024,HI,future pop,1
2024,HI,hawaiian,2
2024,HI,house,1
2024,HI,indie rock,1
2024,HI,new wave,1
2024,HI,pop,4
2024,HI,punk,1
2024,HI,punk rock,1
2024,HI,reggae rock,1
2024,IA,alternative metal,1
2024,IA,americana,1
2024,IA,big band,1
2024,IA,breaks,1
2024,IA,folk,2
2024,IA,folk rock,1
2024,IA,hard rock,2
2024,IA,hip hop,1
2024,IA,jazz,2
2024,IA,new age,4
2024,IA,pop,1
2024,IA,rock,2
2024,IA,unknown,1
2024,ID,aor,1
2024,ID,breakcore,1
2024,ID,electronic,1
2024,ID,experimental,1
2024,ID,experimental rock,1
2024,ID,folk,1
2024,ID,gospel,1
2024,ID,hard rock,2
2024,ID,hardcore,2
2024,ID,hip hop,2
2024,ID,new age,1
2024,ID,norteño,1
2024,ID,pop,2
2024,ID,pop rap,1
2024,ID,psychedelic,1
2024,ID,ska,1
2024,IL,alternative country,2
2024,IL,alternative rock,3
2024,IL,avant-garde jazz,1
2024,IL,comedy,1
2024,IL,contemporary country,1
2024,IL,hard rock,1
2024,IL,hip hop,2
2024,IL,house music,1
2024,IL,indie pop,1
2024,IL,math rock,1
2024,IL,noise rock,1
2024,IL,pop,1
2024,IL,punk rock,2
2024,IL,unknown,2
2024,IN,alternative rock,3
2024,IN,breaks,1
2024,IN,dubstep,3
2024,IN,electronic,1
2024,IN,heavy metal,1
2024,IN,modern electric blues,1
2024,IN,noise rock,1
2024,IN,pop,1
2024,IN,pop punk,1
2024,IN,progressive metal,1
2024,IN,soul,1
2024,IN,unknown,5
2024,KS,alternative metal,1
2024,KS,atmospheric black metal,1
2024,KS,bluegrass,1
2024,KS,breakcore,1
2024,KS,brutal death metal,1
2024,KS,country,2
2024,KS,deathcore,3
2024,KS,doom metal,2
2024,KS,drum n bass,1
2024,KS,experimental,1
2024,KS,experimental rock,1
2024,KS,heavy metal,1
2024,KS,metal,1
2024,KS,new age,1
2024,KS,rock,1
2024,KS,tech house,1
2024,KY,american,1
2024,KY,classical crossover,1
2024,KY,comedy,1
2024,KY,country music,1
2024,KY,drone,1
2024,KY,folk,1
2024,KY,garage rock,1
2024,KY,new age,2
2024,KY,nu metal,1
2024,KY,prog rock,1
2024,KY,punk,3
2024,KY,punk rock,1
2024,KY,unknown,5
2024,LA,bluegrass,2
2024,LA,electronic,3
2024,LA,funk,2
2024,LA,gangsta,1
2024,LA,hip hop,1
2024,LA,jazz,1
2024,LA,progressive bluegrass,2
2024,LA,punk,1
2024,LA,rock,2
2024,LA,unknown,5
2024,MA,alternative rock,1
2024,MA,dance,1
2024,MA,electric blues,1
2024,MA,emo,1
2024,MA,folk,2
2024,MA,hardcore,1
2024,MA,indie,1
2024,MA,noise rock,1
2024,MA,pop,1
2024,MA,power pop,1
2024,MA,rock,2
2024,MA,rock music,1
2024,MA,unknown,6
2024,MD,alternative rock,1
2024,MD,bluegrass,2
2024,MD,bluegrass music,1
2024,MD,contemporary country,1
2024,MD,country rock,1
2024,MD,doom metal,1
2024,MD,electric blues,1
2024,MD,folk,1
2024,MD,gypsy punk,1
2024,MD,hardcore,1
2024,MD,hardcore punk,2
2024,MD,heavy metal,1
2024,MD,jam band,2
2024,MD,rock and roll,1
2024,MD,singer-songwriter,1
2024,MD,tech house,1
2024,MD,unknown,1
2024,ME,alternative country,1
2024,ME,alternative metal,1
2024,ME,alternative punk,1
2024,ME,alternative rock,1
2024,ME,dream pop,1
2024,ME,folk,1
2024,ME,garage rock,1
2024,ME,hard rock,1
2024,ME,hardcore punk,2
2024,ME,hip hop,1
2024,ME,hip-hop,2
2024,ME,indie,1
2024,ME,pop,1
2024,ME,psychedelic,1
2024,ME,rock,2
2024,ME,unknown,2
2024,MI,alternative metal,1
2024,MI,alternative rock,1
2024,MI,comedy,2
2024,MI,country blues,1
2024,MI,dubstep,1
2024,MI,funk,1
2024,MI,hard rock,1
2024,MI,hip hop,1
2024,MI,jam band,1
2024,MI,power pop,1
2024,MI,punk,1
2024,MI,rap,1
2024,MI,reggae,1
2024,MI,ska,1
2024,MI,soul,1
2024,MI,symphonic metal,2
2024,MI,unknown,2
2024,MN,alternative rock,1
2024,MN,big band,1
2024,MN,breaks,1
2024,MN,classical,1
2024,MN,dubstep,1
2024,MN,electronic,1
2024,MN,folk,2
2024,MN,"folk, world, & country",1
2024,MN,future bass,1
2024,MN,house,1
2024,MN,jazz,2
2024,MN,pop,1
2024,MN,punk,1
2024,MN,synth-pop,1
2024,MN,unknown,4
2024,MO,alternative,1
2024,MO,blue-eyed soul,1
2024,MO,christian rock,1
2024,MO,classical,3
2024,MO,country blues,1
2024,MO,drum n bass,1
2024,MO,electro house,1
2024,MO,electronic music,1
2024,MO,emo,1
2024,MO,hard rock,1
2024,MO,hardcore punk,2
2024,MO,jam band,1
2024,MO,punk,1
2024,MO,unknown,4
2024,MS,alternative metal,2
2024,MS,alternative rock,1
2024,MS,americana,1
2024,MS,contemporary christian,2
2024,MS,country,4
2024,MS,country music,1
2024,MS,electric blues,1
2024,MS,folk,1
2024,MS,funk,1
2024,MS,hard rock,1
2024,MS,indie rock,2
2024,MS,new age,1
2024,MS,soul,1
2024,MS,unknown,1
2024,MT,alternative country,1
2024,MT,americana,1
2024,MT,bluegrass,4
2024,MT,folk,6
2024,MT,new age,1
2024,MT,pop,2
2024,MT,rock and roll,2
2024,MT,singer-songwriter,2
2024,MT,unknown,1
2024,NC,americana,1
2024,NC,bluegrass,1
2024,NC,bluegrass music,1
2024,NC,country,1
2024,NC,drone,1
2024,NC,folk,1
2024,NC,folk rock,1
2024,NC,funk,4
2024,NC,hard rock,1
2024,NC,hip hop,1
2024,NC,indie,1
2024,NC,new wave,1
2024,NC,psychedelic,1
2024,NC,rock,1
2024,NC,unknown,3
2024,ND,acoustic,1
2024,ND,alternative metal,1
2024,ND,disco,1
2024,ND,electronic,1
2024,ND,hardcore,1
2024,ND,house,1
2024,ND,indie rock,1
2024,ND,italo-disco,1
2024,ND,metalcore,1
2024,ND,soul,1
2024,ND,special purpose artist,1
2024,ND,synth-pop,1
2024,ND,unknown,8
2024,NE,alternative hip hop,1
2024,NE,alternative metal,1
2024,NE,alternative rock,2
2024,NE,big band,1
2024,NE,comedy,1
2024,NE,contemporary christian,1
2024,NE,funk,1
2024,NE,hardcore punk,1
2024,NE,heavy metal,1
2024,NE,hip hop,1
2024,NE,indie,1
2024,NE,new age,4
2024,NE,rock,2
2024,NE,tech house,1
2024,NE,unknown,1
2024,NH,alternative rock,1
2024,NH,big band,1
2024,NH,brutal death metal,1
2024,NH,country,1
2024,NH,hard rock,2
2024,NH,hardcore,1
2024,NH,hardcore punk,1
2024,NH,heavy metal,1
2024,NH,indie rock,1
2024,NH,metal,1
2024,NH,metalcore,2
2024,NH,new wave,1
2024,NH,punk,1
2024,NH,rock,2
2024,NH,rock opera,1
2024,NH,swing,1
2024,NH,unknown,1
2024,NJ,alternative rock,2
2024,NJ,easycore,1
2024,NJ,emo,1
2024,NJ,folk punk,1
2024,NJ,gypsy punk,1
2024,NJ,hardcore,1
2024,NJ,hip hop,1
2024,NJ,house,1
2024,NJ,pop punk,1
2024,NJ,punk,6
2024,NJ,reggae,1
2024,NJ,soul,1
2024,NJ,soundtrack,1
2024,NJ,unknown,1
2024,NM,alternative rock,2
2024,NM,christmas music,1
2024,NM,contemporary,1
2024,NM,electronic,1
2024,NM,"folk, world, & country",3
2024,NM,garage punk,1
2024,NM,hard rock,2
2024,NM,hardcore punk,1
2024,NM,hip-hop,1
2024,NM,progressive rock,1
2024,NM,reggae,1
2024,NM,rock,1
2024,NM,ska,1
2024,NM,slowcore,1
2024,NM,unknown,2
2024,NV,alternative rock,2
2024,NV,country,1
2024,NV,country music,2
2024,NV,dance,1
2024,NV,easy listening,1
2024,NV,edm,1
2024,NV,electronic,2
2024,NV,hip hop,3
2024,NV,pop,1
2024,NV,rap,1
2024,NV,rnb,1
2024,NV,rock,2
2024,NV,synth-pop,1
2024,NV,trance,1
2024,NY,alternative rock,1
2024,NY,contemporary country,1
2024,NY,country,1
2024,NY,country rock,1
2024,NY,doo-wop,1
2024,NY,electronic,1
2024,NY,electropop,1
2024,NY,folk,1
2024,NY,funk,1
2024,NY,hyperpop,2
2024,NY,indie pop,2
2024,NY,jam band,1
2024,NY,jazz,1
2024,NY,noise,1
2024,NY,pop,1
2024,NY,rock music,1
2024,NY,unknown,2
2024,OH,breakbeat,1
2024,OH,experimental,1
2024,OH,folk punk,1
2024,OH,heavy metal,1
2024,OH,hip hop,3
2024,OH,hip-hop,1
2024,OH,horrorcore,1
2024,OH,jam band,1
2024,OH,pop,1
2024,OH,psychedelic,1
2024,OH,rock,2
2024,OH,soul,1
2024,OH,unknown,5
2024,OK,alternative country,1
2024,OK,alternative metal,1
2024,OK,americana,1
2024,OK,country,7
2024,OK,emo,1
2024,OK,hard rock,1
2024,OK,nu metal,1
2024,OK,pop,1
2024,OK,punk,1
2024,OK,rock,2
2024,OK,rock and roll,1
2024,OK,symphonic metal,2
2024,OR,bluegrass music,2
2024,OR,blues rock,1
2024,OR,comedy,1
2024,OR,dark electro,1
2024,OR,electronic,1
2024,OR,folk punk,1
2024,OR,metal,1
2024,OR,punk,2
2024,OR,rock,1
2024,OR,rock and roll,3
2024,OR,thrash,1
2024,OR,unknown,5
2024,PA,edm,1
2024,PA,electronic,2
2024,PA,emo,1
2024,PA,experimental rock,1
2024,PA,funk,2
2024,PA,hard rock,1
2024,PA,jam band,2
2024,PA,punk,2
2024,PA,punk rock,3
2024,PA,rock,2
2024,PA,rock and roll,1
2024,PA,unknown,2
2024,RI,alternative,1
2024,RI,alternative country,1
2024,RI,alternative folk,1
2024,RI,alternative rock,3
2024,RI,bedroom pop,1
2024,RI,experimental rock,1
2024,RI,folk rock,2
2024,RI,grindcore,1
2024,RI,hard rock,1
2024,RI,hardcore,1
2024,RI,heavy metal,1
2024,RI,indie folk,1
2024,RI,pop,2
2024,RI,singer-songwriter,1
2024,RI,unknown,2
2024,SC,african,1
2024,SC,alternative rock,1
2024,SC,americana,1
2024,SC,black metal,2
2024,SC,contemporary christian,1
2024,SC,garage rock,1
2024,SC,indie rock,1
2024,SC,metal,1
2024,SC,nu metal,1
2024,SC,pop rock,1
2024,SC,post-hardcore,1
2024,SC,rock,1
2024,SC,soul,1
2024,SC,swing,1
2024,SC,thrash metal,2
2024,SC,unknown,3
2024,SD,a cappella,1
2024,SD,alternative rock,1
2024,SD,ambient,1
2024,SD,big band,2
2024,SD,breaks,1
2024,SD,contemporary christian,1
2024,SD,country,4
2024,SD,folk,2
2024,SD,hard rock,1
2024,SD,new age,1
2024,SD,pop,1
2024,SD,prog rock,1
2024,SD,southern rock,1
2024,SD,unknown,2
2024,TN,americana,1
2024,TN,blues rock,1
2024,TN,contemporary country,1
2024,TN,country,4
2024,TN,country rap,1
2024,TN,egg punk,1
2024,TN,experimental,1
2024,TN,folk,1
2024,TN,funk,1
2024,TN,hard rock,2
2024,TN,indie pop,1
2024,TN,metal,1
2024,TN,pop punk,1
2024,TN,soft rock,1
2024,TN,trap,1
2024,TN,unknown,1
2024,TX,art rock,1
2024,TX,blues,1
2024,TX,breakcore,1
2024,TX,comedy,1
2024,TX,country,1
2024,TX,dance,1
2024,TX,doom metal,1
2024,TX,folk rock,1
2024,TX,hip hop,1
2024,TX,holiday,1
2024,TX,indie,2
2024,TX,pop punk,1
2024,TX,punk rock,1
2024,TX,synth-pop,1
2024,TX,unknown,5
2024,UT,abstract,1
2024,UT,alternative country,1
2024,UT,alternative rock,2
2024,UT,dubstep,2
2024,UT,electronic,1
2024,UT,indie pop,3
2024,UT,indie rock,1
2024,UT,new age,4
2024,UT,rock,1
2024,UT,ska,1
2024,UT,unknown,3
2024,VA,alternative rock,1
2024,VA,bluegrass,1
2024,VA,blues rock,1
2024,VA,doom metal,1
2024,VA,folk,5
2024,VA,garage rock,1
2024,VA,heavy metal,1
2024,VA,indie pop,1
2024,VA,jazz,1
2024,VA,new wave,1
2024,VA,punk rock,1
2024,VA,singer-songwriter,1
2024,VA,soul,1
2024,VA,tech house,1
2024,VA,unknown,2
2024,VT,alternative hip hop,1
2024,VT,funk,2
2024,VT,gypsy punk,1
2024,VT,hard rock,1
2024,VT,indie,3
2024,VT,jam band,4
2024,VT,reggae,1
2024,VT,rock opera,1
2024,VT,unknown,6
2024,WA,alternative rock,1
2024,WA,bluegrass,1
2024,WA,doom metal,1
2024,WA,electronic,1
2024,WA,experimental,2
2024,WA,funk,2
2024,WA,garage rock,2
2024,WA,hardcore,2
2024,WA,hyperpop,1
2024,WA,lounge,2
2024,WA,pop,1
2024,WA,punk,1
2024,WA,rock,2
2024,WA,smooth jazz,1
2024,WI,alternative metal,1
2024,WI,alternative rock,3
2024,WI,country rock,1
2024,WI,crunk,1
2024,WI,dubstep,2
2024,WI,emo,3
2024,WI,folk,2
2024,WI,pop punk,1
2024,WI,punk,2
2024,WI,sunshine pop,1
2024,WI,symphonic metal,2
2024,WI,unknown,1
2024,WV,country,3
2024,WV,hard rock,2
2024,WV,indie folk,1
2024,WV,rock,3
2024,WV,rockabilly,1
2024,WV,singer-songwriter,1
2024,WV,surf,1
2024,WV,symphonic metal,1
2024,WV,unknown,7
2024,WY,alternative country,1
2024,WY,americana,1
2024,WY,bluegrass,1
2024,WY,breaks,1
2024,WY,contemporary country,2
2024,WY,country,2
2024,WY,folk,4
2024,WY,horror punk,1
2024,WY,metalcore,2
2024,WY,nu metal,2
2024,WY,pop,1
2024,WY,progressive rock,1
2024,WY,unknown,1
2025,AK,#chicagolivemusic,1
2025,AK,alternative rock,1
2025,AK,comedy,1
2025,AK,country,1
2025,AK,deathcore,1
2025,AK,edm,2
2025,AK,electro house,1
2025,AK,experimental,4
2025,AK,hardcore punk,2
2025,AK,metal,1
2025,AK,rock,1
2025,AK,singer-songwriter,1
2025,AK,swing revival,1
2025,AK,unknown,2
2025,AL,alternative rock,1
2025,AL,folk rock,1
2025,AL,gothic rock,1
2025,AL,hard rock,1
2025,AL,hardcore,2
2025,AL,hardcore punk,3
2025,AL,punk,1
2025,AL,rock,2
2025,AL,sludge metal,1
2025,AL,unknown,7
2025,AR,alternative country,1
2025,AR,alternative rock,1
2025,AR,avantgarde,1
2025,AR,beatdown hardcore,1
2025,AR,doom metal,1
2025,AR,experimental rock,1
2025,AR,folk,1
2025,AR,hardcore,1
2025,AR,jam band,1
2025,AR,metalcore,3
2025,AR,pop,1
2025,AR,post-hardcore,3
2025,AR,punk,1
2025,AR,rock,1
2025,AR,sludge metal,1
2025,AR,unknown,1
2025,AZ,dubstep,1
2025,AZ,edm,1
2025,AZ,electronic,2
2025,AZ,emo,2
2025,AZ,hip hop,5
2025,AZ,house,1
2025,AZ,post-punk,1
2025,AZ,punk,1
2025,AZ,punk rock,1
2025,AZ,rap,1
2025,AZ,rock,1
2025,AZ,southern rock,1
2025,AZ,unknown,2
2025,CA,americana,1
2025,CA,bluegrass,1
2025,CA,contemporary r&b,1
2025,CA,cumbia,1
2025,CA,dance,1
2025,CA,disco,1
2025,CA,electronic,2
2025,CA,funk,1
2025,CA,hard rock,1
2025,CA,hip hop,1
2025,CA,indie pop,1
2025,CA,indie rock,1
2025,CA,power pop,1
2025,CA,punk,1
2025,CA,punk rock,1
2025,CA,rock,1
2025,CA,soul,1
2025,CA,trap edm,1
2025,CA,unknown,1
2025,CO,afrobeat,1
2025,CO,country,1
2025,CO,dance-punk,1
2025,CO,dubstep,2
2025,CO,edm,1
2025,CO,electronic,6
2025,CO,funk,3
2025,CO,house,1
2025,CO,punk,1
2025,CO,rock,1
2025,CO,synth-pop,1
2025,CO,unknown,1
2025,CT,alternative rock,1
2025,CT,electronic,1
2025,CT,experimental,1
2025,CT,folk,2
2025,CT,indie,1
2025,CT,indie rock,1
2025,CT,jam band,1
2025,CT,new wave,3
2025,CT,nu metal,1
2025,CT,pop,1
2025,CT,punk,2
2025,CT,rock,2
2025,CT,singer-songwriter,1
2025,CT,unknown,2
2025,DE,acoustic,1
2025,DE,alternative metal,1
2025,DE,alternative rock,1
2025,DE,appalachian music,1
2025,DE,folk,1
2025,DE,hard rock,1
2025,DE,indie,2
2025,DE,metalcore,1
2025,DE,pop punk,1
2025,DE,post-hardcore,1
2025,DE,rock,4
2025,DE,rock and roll,1
2025,DE,session,1
2025,DE,soundtrack,1
2025,DE,unknown,2
2025,FL,alternative rock,1
2025,FL,black metal,1
2025,FL,death metal,1
2025,FL,deathcore,1
2025,FL,dub,1
2025,FL,dubstep,1
2025,FL,electronic,1
2025,FL,happy hardcore,1
2025,FL,hardcore punk,1
2025,FL,hip hop,1
2025,FL,melodic metalcore,1
2025,FL,pop,2
2025,FL,pop rock,1
2025,FL,rap,1
2025,FL,reggaeton,1
2025,FL,rock,1
2025,FL,ska punk,1
2025,FL,thrash,1
2025,FL,unknown,1
2025,GA,bluegrass,1
2025,GA,contemporary r&b,1
2025,GA,country,1
2025,GA,country blues,1
2025,GA,dubstep,2
2025,GA,hard rock,1
2025,GA,horror rock,1
2025,GA,jam band,5
2025,GA,sludge metal,1
2025,GA,southern rock,1
2025,GA,trap,2
2025,GA,unknown,3
2025,HI,alternative rock,2
2025,HI,black metal,1
2025,HI,comedy,1
2025,HI,downtempo,1
2025,HI,folk,9
2025,HI,indie pop,2
2025,HI,progressive metal,2
2025,HI,rock,1
2025,HI,rock & roll,1
2025,IA,bleep techno,1
2025,IA,bluegrass,1
2025,IA,blues rock,1
2025,IA,country,1
2025,IA,emo,1
2025,IA,funk,1
2025,IA,hardcore,1
2025,IA,iowa,2
2025,IA,metal,1
2025,IA,pop,2
2025,IA,pop music,1
2025,IA,pop rock,1
2025,IA,punk,2
2025,IA,punk rock,1
2025,IA,techno,1
2025,IA,unknown,2
2025,ID,alternative country,1
2025,ID,alternative rock,1
2025,ID,dark plugg,1
2025,ID,electronic music,1
2025,ID,experimental rock,1
2025,ID,folk rock,1
2025,ID,hardcore,1
2025,ID,instrumental hip hop,1
2025,ID,metalcore,1
2025,ID,midwest emo,1
2025,ID,pop,2
2025,ID,post-hardcore,1
2025,ID,psychedelic,1
2025,ID,rock,1
2025,ID,swing,1
2025,ID,unknown,4
2025,IL,acid house,1
2025,IL,alternative country,1
2025,IL,alternative rock,4
2025,IL,black metal,1
2025,IL,boom bap,1
2025,IL,dubstep,1
2025,IL,electric blues,1
2025,IL,electronic,2
2025,IL,hard rock,1
2025,IL,hip hop,1
2025,IL,indie rock,1
2025,IL,rock,3
2025,IL,unknown,2
2025,IN,alternative metal,1
2025,IN,alternative rock,2
2025,IN,canzone napoletana,1
2025,IN,east coast hip hop,1
2025,IN,heavy metal,1
2025,IN,metal,1
2025,IN,pop,1
2025,IN,psychedelic,4
2025,IN,punk,1
2025,IN,reggaecore,1
2025,IN,unknown,6
2025,KS,alternative country,1
2025,KS,alternative rock,1
2025,KS,atmospheric black metal,1
2025,KS,country,1
2025,KS,doom metal,1
2025,KS,drum n bass,1
2025,KS,dubstep,2
2025,KS,folk,1
2025,KS,indie rock,1
2025,KS,new age,1
2025,KS,pop,2
2025,KS,pop rock,1
2025,KS,power pop,1
2025,KS,psychedelic,1
2025,KS,rock,2
2025,KS,unknown,2
2025,KY,ambient,1
2025,KY,audiobook,1
2025,KY,avant-garde,1
2025,KY,country blues,1
2025,KY,dream pop,1
2025,KY,"folk, world, & country",2
2025,KY,funk,1
2025,KY,hard rock,1
2025,KY,hip hop,2
2025,KY,italo-disco,1
2025,KY,lo-fi,1
2025,KY,metalcore,1
2025,KY,prog rock,1
2025,KY,punk,1
2025,KY,shoegaze,1
2025,KY,unknown,3
2025,LA,blues,4
2025,LA,contemporary jazz,1
2025,LA,emo,1
2025,LA,experimental,1
2025,LA,"folk, world, & country",1
2025,LA,funk,2
2025,LA,gangsta,1
2025,LA,hard trance,1
2025,LA,indie pop,1
2025,LA,jazz,1
2025,LA,lo-fi,1
2025,LA,rock,3
2025,LA,thrash,1
2025,LA,unknown,1
2025,MA,alternative rock,1
2025,MA,art punk,1
2025,MA,black comedy,1
2025,MA,dance,1
2025,MA,easy listening,1
2025,MA,electronic,1
2025,MA,folk,2
2025,MA,hard rock,1
2025,MA,indie,2
2025,MA,jam band,2
2025,MA,jazz,1
2025,MA,rock music,1
2025,MA,unknown,5
2025,MD,acoustic,1
2025,MD,alternative rock,3
2025,MD,brutal death metal,1
2025,MD,death metal,2
2025,MD,electronic,1
2025,MD,grindcore,1
2025,MD,indie rock,2
2025,MD,mathcore,1
2025,MD,metal,1
2025,MD,nu metal,1
2025,MD,punk,1
2025,MD,rock,1
2025,MD,singer-songwriter,1
2025,MD,surf,1
2025,MD,unknown,2
2025,ME,alternative rock,2
2025,ME,dub,1
2025,ME,emo,1
2025,ME,folk,5
2025,ME,gypsy punk,1
2025,ME,hardcore,1
2025,ME,hip hop,1
2025,ME,hip-hop,2
2025,ME,rock,1
2025,ME,rock & roll,1
2025,ME,rock music,1
2025,ME,unknown,3
2025,MI,acid rock,1
2025,MI,aor,1
2025,MI,classic rock,1
2025,MI,contemporary r&b,1
2025,MI,crunk,1
2025,MI,electronic,1
2025,MI,funk,1
2025,MI,heavy metal,1
2025,MI,hip hop,2
2025,MI,jazz,1
2025,MI,progressive rock,1
2025,MI,punk,1
2025,MI,reggaecore,1
2025,MI,rock,2
2025,MI,symphonic metal,1
2025,MI,unknown,3
2025,MN,abstract,1
2025,MN,alternative rock,2
2025,MN,country,1
2025,MN,electroclash,1
2025,MN,electronic,1
2025,MN,folk,1
2025,MN,funk / soul,1
2025,MN,indie,1
2025,MN,indie pop,1
2025,MN,modern electric blues,1
2025,MN,pop,2
2025,MN,unknown,7
2025,MO,bass house,1
2025,MO,blue-eyed soul,1
2025,MO,blues rock,1
2025,MO,dance,1
2025,MO,drum and bass,1
2025,MO,dubstep,3
2025,MO,electronic,5
2025,MO,glitch hop,1
2025,MO,hard rock,1
2025,MO,space rock,1
2025,MO,tech house,1
2025,MO,unknown,3
2025,MS,alternative country,1
2025,MS,americana,1
2025,MS,arena rock,1
2025,MS,blues rock,1
2025,MS,classic rock,1
2025,MS,country,1
2025,MS,"folk, world, & country",1
2025,MS,glam metal,2
2025,MS,hard rock,2
2025,MS,indie rock,3
2025,MS,rock,2
2025,MS,soft rock,1
2025,MS,unknown,3
2025,MT,alternative country,2
2025,MT,bluegrass,2
2025,MT,comedy,1
2025,MT,folk pop,1
2025,MT,indie,1
2025,MT,metalcore,2
2025,MT,progressive metal,1
2025,MT,psychedelic,1
2025,MT,psychedelic rock,1
2025,MT,punk rock,1
2025,MT,rock,3
2025,MT,special effects,1
2025,MT,unknown,3
2025,NC,alternative metal,1
2025,NC,alternative rock,1
2025,NC,bluegrass,1
2025,NC,dubstep,1
2025,NC,electronic,1
2025,NC,experimental,1
2025,NC,folk,2
2025,NC,folk rock,1
2025,NC,funk,2
2025,NC,hip hop,1
2025,NC,metalcore,1
2025,NC,pop punk,1
2025,NC,psychedelic,1
2025,NC,punk,1
2025,NC,punk rock,1
2025,NC,unknown,3
2025,ND,breakbeat,1
2025,ND,hardcore,2
2025,ND,holiday,3
2025,ND,pop rock,3
2025,ND,psychedelic,1
2025,ND,symphonic metal,2
2025,ND,synth-pop,1
2025,ND,unknown,7
2025,NE,alternative country,1
2025,NE,alternative rock,2
2025,NE,blue-eyed soul,1
2025,NE,breaks,1
2025,NE,classical crossover,1
2025,NE,contemporary country,1
2025,NE,country,3
2025,NE,crunk,1
2025,NE,electronic,1
2025,NE,folk,1
2025,NE,metal,1
2025,NE,metalcore,1
2025,NE,new age,1
2025,NE,rock,2
2025,NE,unknown,2
2025,NH,alternative rock,1
2025,NH,dub,1
2025,NH,experimental,1
2025,NH,folk,1
2025,NH,glam metal,1
2025,NH,heavy metal,1
2025,NH,horror punk,1
2025,NH,indie pop,1
2025,NH,pop,3
2025,NH,punk,1
2025,NH,rap,1
2025,NH,rave,1
2025,NH,rock & roll,2
2025,NH,rock opera,1
2025,NH,unknown,3
2025,NJ,alternative rock,1
2025,NJ,beatdown hardcore,3
2025,NJ,dance-pop,1
2025,NJ,emo,1
2025,NJ,hardcore punk,1
2025,NJ,metalcore,1
2025,NJ,new wave,2
2025,NJ,noise,1
2025,NJ,pop,1
2025,NJ,post bop,1
2025,NJ,rap,1
2025,NJ,rock,1
2025,NJ,unknown,5
2025,NM,afrobeat,1
2025,NM,country,1
2025,NM,desert rock,1
2025,NM,doom metal,1
2025,NM,emo,1
2025,NM,emoviolence,1
2025,NM,folk,1
2025,NM,"folk, world, & country",2
2025,NM,heavy metal,2
2025,NM,hip hop,1
2025,NM,indie rock,1
2025,NM,metalcore,1
2025,NM,midwest emo,1
2025,NM,psychedelic,1
2025,NM,rap,1
2025,NM,thrash metal,2
2025,NM,unknown,1
2025,NV,alternative dance,1
2025,NV,alternative rock,1
2025,NV,calypso,1
2025,NV,dance,1
2025,NV,dance-pop,1
2025,NV,hard rock,1
2025,NV,hip hop,2
2025,NV,house,1
2025,NV,indie,1
2025,NV,k-pop,1
2025,NV,pop,3
2025,NV,pop punk,1
2025,NV,pop rock,1
2025,NV,rap,1
2025,NV,rock,1
2025,NV,soul,1
2025,NV,unknown,1
2025,NY,alternative rock,2
2025,NY,chiptune,1
2025,NY,country rock,1
2025,NY,dance,1
2025,NY,dub,1
2025,NY,electronic,1
2025,NY,folk,1
2025,NY,ghettotech,1
2025,NY,indie pop,1
2025,NY,jam band,1
2025,NY,k-pop,1
2025,NY,many names,1
2025,NY,new wave,1
2025,NY,pop,2
2025,NY,punk,1
2025,NY,r&b,1
2025,NY,rock music,1
2025,NY,unknown,1
2025,OH,alt-pop,1
2025,OH,alternative rock,1
2025,OH,choral,2
2025,OH,dixieland,1
2025,OH,electronic,2
2025,OH,funk,1
2025,OH,indie rock,1
2025,OH,math rock,1
2025,OH,metal,2
2025,OH,punk,1
2025,OH,reggae,1
2025,OH,rock,1
2025,OH,unknown,5
2025,OK,abstract,2
2025,OK,alternative metal,2
2025,OK,blues,1
2025,OK,country,3
2025,OK,country rock,2
2025,OK,hard rock,2
2025,OK,indie pop,2
2025,OK,jam band,1
2025,OK,latin,1
2025,OK,pop,1
2025,OK,rock,2
2025,OK,unknown,1
2025,OR,alternative rock,1
2025,OR,comedy,1
2025,OR,doom metal,1
2025,OR,dream pop,1
2025,OR,funk,1
2025,OR,garage rock,1
2025,OR,indie folk,1
2025,OR,indie rock,1
2025,OR,lounge,2
2025,OR,progressive rock,1
2025,OR,rock,2
2025,OR,special effects,1
2025,OR,surf,1
2025,OR,surf music,1
2025,OR,unknown,4
2025,PA,bluegrass,2
2025,PA,boom bap,1
2025,PA,edm,1
2025,PA,folk-rock,1
2025,PA,funk,1
2025,PA,hip hop,2
2025,PA,rock,1
2025,PA,rock and roll,1
2025,PA,rock music,1
2025,PA,session,1
2025,PA,soul,1
2025,PA,unknown,7
2025,RI,black comedy,1
2025,RI,blues rock,1
2025,RI,chiptune,1
2025,RI,experimental,1
2025,RI,folk,2
2025,RI,funk,1
2025,RI,heartland rock,1
2025,RI,indie rock,3
2025,RI,mathcore,1
2025,RI,metalcore,1
2025,RI,punk,1
2025,RI,rock,1
2025,RI,rock opera,1
2025,RI,soul,1
2025,RI,trance,1
2025,RI,unknown,2
2025,SC,blues,1
2025,SC,cowpunk,1
2025,SC,death metal,1
2025,SC,doom metal,1
2025,SC,folk,2
2025,SC,hard rock,1
2025,SC,hardcore punk,1
2025,SC,melodic hardcore,1
2025,SC,punk,2
2025,SC,rock,2
2025,SC,rock & roll,1
2025,SC,sludge metal,2
2025,SC,unknown,4
2025,SD,acoustic rock,1
2025,SD,alternative metal,1
2025,SD,country,1
2025,SD,gangsta rap,1
2025,SD,hard rock,1
2025,SD,hardcore punk,1
2025,SD,heavy metal,2
2025,SD,metalcore,1
2025,SD,nu metal,2
2025,SD,pop,1
2025,SD,punk,2
2025,SD,rap,1
2025,SD,rock,4
2025,SD,unknown,1
2025,TN,country,10
2025,TN,electronic,2
2025,TN,funk rock,1
2025,TN,hip hop,1
2025,TN,rock,1
2025,TN,soft rock,1
2025,TN,southern gospel,4
2025,TX,arena rock,1
2025,TX,bass house,1
2025,TX,country,2
2025,TX,dark wave,1
2025,TX,electronic,4
2025,TX,folk,2
2025,TX,post-punk,1
2025,TX,rock,1
2025,TX,synth-pop,1
2025,TX,trop rock,1
2025,TX,unknown,5
2025,UT,acid techno,1
2025,UT,alternative,1
2025,UT,alternative rock,1
2025,UT,black metal,1
2025,UT,comedy,1
2025,UT,dance,1
2025,UT,death metal,1
2025,UT,dream pop,1
2025,UT,dubstep,1
2025,UT,indie rock,1
2025,UT,midwest emo,1
2025,UT,psychedelic,1
2025,UT,rap,1
2025,UT,rock,1
2025,UT,shoegaze,1
2025,UT,soft rock,1
2025,UT,unknown,3
2025,UT,vocal,1
2025,VA,alternative rock,1
2025,VA,blues,2
2025,VA,coke rap,2
2025,VA,folk,3
2025,VA,harmonica blues,1
2025,VA,indie rock,1
2025,VA,new wave,1
2025,VA,psychedelic,1
2025,VA,rock,2
2025,VA,rockabilly,1
2025,VA,unknown,5
2025,VT,alternative rock,1
2025,VT,country,2
2025,VT,emo,1
2025,VT,folk rock,3
2025,VT,funk,1
2025,VT,funk / soul,1
2025,VT,gypsy punk,1
2025,VT,indie folk,1
2025,VT,progressive bluegrass,1
2025,VT,punk,1
2025,VT,reggae,1
2025,VT,rock,2
2025,VT,roots rock,1
2025,VT,unknown,3
2025,WA,alternative rock,2
2025,WA,experimental,1
2025,WA,heavy metal,1
2025,WA,indie rock,1
2025,WA,singer-songwriter,1
2025,WA,smooth jazz,8
2025,WA,tribute act,1
2025,WA,unknown,5
2025,WI,alternative rock,4
2025,WI,bluegrass,1
2025,WI,heavy metal,2
2025,WI,jam band,3
2025,WI,jazz,1
2025,WI,psychedelic,1
2025,WI,punk,1
2025,WI,reggaecore,2
2025,WI,rock,1
2025,WI,symphonic metal,2
2025,WI,symphonic rock,1
2025,WI,unknown,1
2025,WV,alternative rock,1
2025,WV,bluegrass,1
2025,WV,breakcore,1
2025,WV,christmas music,1
2025,WV,contemporary christian,1
2025,WV,country,1
2025,WV,death metal,1
2025,WV,doom metal,1
2025,WV,folk,1
2025,WV,grunge,1
2025,WV,hard rock,2
2025,WV,heavy metal,2
2025,WV,indie rock,1
2025,WV,mathcore,1
2025,WV,parody,1
2025,WV,ska punk,1
2025,WV,unknown,2
2025,WY,black metal,1
2025,WY,contemporary country,1
2025,WY,country,4
2025,WY,cowpunk,1
2025,WY,folk,1
2025,WY,grindcore,1
2025,WY,groove metal,1
2025,WY,indie folk,1
2025,WY,metal,2
2025,WY,metalcore,1
2025,WY,nu metal,1
2025,WY,post-hardcore,1
2025,WY,punk,1
2025,WY,soul,1
2025,WY,special effects,1
2025,WY,thrash metal,1
2026,AK,alternative country,1
2026,AK,alternative rock,1
2026,AK,audiobook,1
2026,AK,black comedy,1
2026,AK,contemporary folk,1
2026,AK,country,1
2026,AK,country blues,2
2026,AK,folk,1
2026,AK,glam metal,1
2026,AK,hip hop,1
2026,AK,indie rock,1
2026,AK,metal,1
2026,AK,pop,3
2026,AK,progressive house,1
2026,AK,reggae,1
2026,AK,rock,1
2026,AK,soul,1
2026,AL,alternative metal,2
2026,AL,country pop,1
2026,AL,emo,1
2026,AL,folk punk,1
2026,AL,hard rock,2
2026,AL,hardcore punk,2
2026,AL,hip hop,1
2026,AL,indie rock,1
2026,AL,metalcore,1
2026,AL,nu metal,2
2026,AL,post-hardcore,1
2026,AL,punk,2
2026,AL,rap,1
2026,AL,ska,1
2026,AL,ska punk,1
2026,AR,alternative rock,1
2026,AR,americana,1
2026,AR,contemporary r&b,1
2026,AR,country,1
2026,AR,hard rock,2
2026,AR,hip hop,2
2026,AR,hip-hop,1
2026,AR,horror punk,1
2026,AR,indie pop,1
2026,AR,noise rock,1
2026,AR,pop,2
2026,AR,rap,2
2026,AR,rock,2
2026,AR,southern rock,1
2026,AR,unknown,1
2026,AZ,alternative rock,1
2026,AZ,art punk,1
2026,AZ,doom metal,1
2026,AZ,ebm,1
2026,AZ,electro,1
2026,AZ,folk,2
2026,AZ,hardcore punk,1
2026,AZ,indie,2
2026,AZ,indie pop,1
2026,AZ,pop,3
2026,AZ,pop punk,1
2026,AZ,progressive rock,1
2026,AZ,rap,1
2026,AZ,singer-songwriter,1
2026,AZ,unknown,2
2026,CA,alternative rock,4
2026,CA,baroque pop,1
2026,CA,blues,1
2026,CA,doom metal,1
2026,CA,electro,1
2026,CA,indie pop,2
2026,CA,indie rock,2
2026,CA,lo-fi,1
2026,CA,pop,2
2026,CA,punk,1
2026,CA,riot grrrl,1
2026,CA,rnb,1
2026,CA,singer-songwriter,1
2026,CA,swancore,1
2026,CO,alternative metal,1
2026,CO,awesome name,1
2026,CO,boom bap,1
2026,CO,bro-country,1
2026,CO,coldwave,1
2026,CO,country,2
2026,CO,deathcore,2
2026,CO,garage rock,1
2026,CO,grunge,1
2026,CO,hard rock,1
2026,CO,heavy metal,1
2026,CO,heavy psych,2
2026,CO,new wave,1
2026,CO,noise rock,1
2026,CO,psychedelic,1
2026,CO,rock,1
2026,CO,singer-songwriter,1
2026,CT,alternative rock,1
2026,CT,americana,1
2026,CT,comedy,1
2026,CT,country,2
2026,CT,hard rock,3
2026,CT,heavy metal,1
2026,CT,indie,1
2026,CT,pop,1
2026,CT,psychobilly,1
2026,CT,rock,4
2026,CT,rock & roll,1
2026,CT,rock music,1
2026,CT,southern rock,1
2026,CT,surf rock,1
2026,DE,alternative rock,4
2026,DE,blues,1
2026,DE,country,1
2026,DE,country music,1
2026,DE,country rock,1
2026,DE,folk,1
2026,DE,hard rock,1
2026,DE,pop,2
2026,DE,pop punk,1
2026,DE,post-hardcore,1
2026,DE,rock,4
2026,DE,southern rock,1
2026,DE,unknown,1
2026,FL,alternative rock,2
2026,FL,flamenco,1
2026,FL,folk,1
2026,FL,industrial,1
2026,FL,jam band,1
2026,FL,metal,2
2026,FL,metalcore,1
2026,FL,pop rock,2
2026,FL,post-hardcore,1
2026,FL,r&b,1
2026,FL,rap,4
2026,FL,ska punk,1
2026,FL,stoner metal,1
2026,FL,unknown,1
2026,GA,breakcore,1
2026,GA,doom metal,1
2026,GA,edm,1
2026,GA,experimental rock,1
2026,GA,folk,1
2026,GA,folk metal,1
2026,GA,hardcore,1
2026,GA,heavy psych,1
2026,GA,indie,2
2026,GA,math rock,1
2026,GA,metal,1
2026,GA,pop,3
2026,GA,power metal,1
2026,GA,progressive metal,1
2026,GA,rave,1
2026,GA,rock,1
2026,GA,unknown,1
2026,HI,boom bap,2
2026,HI,electronic,2
2026,HI,experimental,2
2026,HI,indie pop,2
2026,HI,rock,4
2026,HI,rock music,1
2026,HI,singer-songwriter,2
2026,HI,soft rock,5
2026,IA,alternative rock,2
2026,IA,christian rock,1
2026,IA,contemporary christian,1
2026,IA,contemporary country,1
2026,IA,country,1
2026,IA,cybergrind,1
2026,IA,darkwave,1
2026,IA,deathcore,1
2026,IA,electronic,1
2026,IA,folk,1
2026,IA,glam metal,1
2026,IA,hard rock,2
2026,IA,indie,1
2026,IA,indie rock,1
2026,IA,metal,1
2026,IA,metalcore,1
2026,IA,rock,1
2026,IA,unknown,1
2026,ID,art punk,1
2026,ID,black metal,1
2026,ID,coldwave,1
2026,ID,conscious hip hop,1
2026,ID,country,1
2026,ID,deathcore,1
2026,ID,electronic,1
2026,ID,garage rock,1
2026,ID,hardcore punk,1
2026,ID,heavy psych,1
2026,ID,hip-hop,2
2026,ID,indie pop,1
2026,ID,indie rock,1
2026,ID,lo-fi,1
2026,ID,metalcore,1
2026,ID,noise rock,1
2026,ID,pop punk,1
2026,ID,rap,1
2026,ID,zamrock,1
2026,IL,art rock,1
2026,IL,bluegrass,1
2026,IL,bluegrass music,1
2026,IL,brutal death metal,1
2026,IL,death metal,1
2026,IL,dubstep,1
2026,IL,experimental,1
2026,IL,hardcore,1
2026,IL,hip hop,1
2026,IL,house,1
2026,IL,indie,1
2026,IL,metalcore,1
2026,IL,modern classical,1
2026,IL,new jack swing,1
2026,IL,new wave,1
2026,IL,pop,2
2026,IL,psychedelic rock,1
2026,IL,rnb,1
2026,IL,rock music,1
2026,IN,alternative rock,1
2026,IN,classic rock,1
2026,IN,country,1
2026,IN,emo,1
2026,IN,folk metal,1
2026,IN,indie folk,1
2026,IN,industrial metal,1
2026,IN,industrial rock,2
2026,IN,melodic death metal,1
2026,IN,metalcore,1
2026,IN,pop,3
2026,IN,post-hardcore,1
2026,IN,r&b,1
2026,IN,rock,1
2026,IN,unknown,3
2026,KS,alternative rock,2
2026,KS,country,2
2026,KS,country pop,1
2026,KS,dance,1
2026,KS,deathcore,1
2026,KS,electro-industrial,1
2026,KS,electronic,1
2026,KS,folk,4
2026,KS,grindcore,1
2026,KS,hardcore punk,1
2026,KS,indie rock,2
2026,KS,industrial metal,1
2026,KS,rock,1
2026,KS,southern rock,1
2026,KY,alternative,1
2026,KY,alternative rock,2
2026,KY,bluegrass,1
2026,KY,contemporary country,1
2026,KY,country,2
2026,KY,experimental,1
2026,KY,folk,3
2026,KY,hard rock,1
2026,KY,hardcore punk,1
2026,KY,indie folk,1
2026,KY,melodic death metal,1
2026,KY,noise rock,1
2026,KY,progressive rock,1
2026,KY,psychedelic rock,1
2026,KY,rock,1
2026,KY,unknown,1
2026,LA,alternative metal,3
2026,LA,alternative rock,1
2026,LA,country,4
2026,LA,experimental rock,1
2026,LA,folk punk,1
2026,LA,hard rock,2
2026,LA,hip hop,1
2026,LA,nu metal,1
2026,LA,rap,1
2026,LA,ska punk,2
2026,LA,soul,1
2026,LA,synthwave,2
2026,MA,ballad,1
2026,MA,blues rock,1
2026,MA,breakcore,1
2026,MA,cowboy poetry,1
2026,MA,death metal,1
2026,MA,hardcore punk,1
2026,MA,heavy metal,1
2026,MA,hip hop,1
2026,MA,hip-hop,1
2026,MA,jam band,1
2026,MA,metal,1
2026,MA,metalcore,3
2026,MA,noise rock,1
2026,MA,psychedelic rock,1
2026,MA,punk,2
2026,MA,rap,2
2026,MD,beatdown hardcore,1
2026,MD,brutal death metal,1
2026,MD,contemporary r&b,1
2026,MD,darkwave,1
2026,MD,death metal,2
2026,MD,hard rock,3
2026,MD,hardcore,1
2026,MD,indie rock,1
2026,MD,math rock,1
2026,MD,metalcore,1
2026,MD,neo soul,1
2026,MD,noise rock,1
2026,MD,psychedelic rock,1
2026,MD,punk,1
2026,MD,r&b,1
2026,MD,rnb,1
2026,MD,unknown,1
2026,ME,americana,1
2026,ME,blues rock,1
2026,ME,country rock,1
2026,ME,dance-punk,1
2026,ME,folk,3
2026,ME,indie rock,2
2026,ME,psychedelic rock,1
2026,ME,religious,1
2026,ME,rock,3
2026,ME,rockabilly,2
2026,ME,singer-songwriter,1
2026,ME,unknown,3
2026,MI,alternative metal,3
2026,MI,alternative rock,1
2026,MI,aor,1
2026,MI,bluegrass,1
2026,MI,dance-pop,1
2026,MI,doom metal,2
2026,MI,funk,1
2026,MI,hip hop,2
2026,MI,modern classical,1
2026,MI,pop,2
2026,MI,pop punk,1
2026,MI,r&b,1
2026,MI,rock,1
2026,MI,singer-songwriter,1
2026,MI,stoner rock,1
2026,MN,abstract,1
2026,MN,black metal,1
2026,MN,cool jazz,2
2026,MN,emo,1
2026,MN,funktronica,1
2026,MN,gospel music,1
2026,MN,indie,1
2026,MN,indie rock,1
2026,MN,math rock,2
2026,MN,punk,2
2026,MN,soul,1
2026,MN,unknown,6
2026,MO,country,1
2026,MO,doom metal,1
2026,MO,folk metal,1
2026,MO,glam metal,1
2026,MO,groove metal,1
2026,MO,hard rock,3
2026,MO,hardcore,1
2026,MO,hardcore punk,1
2026,MO,heavy metal,1
2026,MO,industrial metal,1
2026,MO,industrial rock,2
2026,MO,noise rock,2
2026,MO,pop,2
2026,MO,prog rock,1
2026,MO,rock,1
2026,MS,alternative rock,4
2026,MS,comedy,1
2026,MS,country,1
2026,MS,hard rock,2
2026,MS,hard techno,1
2026,MS,heavy metal,1
2026,MS,indie,4
2026,MS,r&b,1
2026,MS,religious,1
2026,MS,rock,1
2026,MS,tribute band,1
2026,MS,unknown,2
2026,MT,alternative rock,1
2026,MT,bluegrass,2
2026,MT,blues,1
2026,MT,blues rock,3
2026,MT,classic rock,1
2026,MT,death metal,1
2026,MT,folk,1
2026,MT,funk,1
2026,MT,hardcore punk,1
2026,MT,heavy metal,3
2026,MT,indie pop,1
2026,MT,jam band,1
2026,MT,pop punk,1
2026,MT,psychedelic rock,1
2026,MT,rock,1
2026,NC,alternative hip hop,2
2026,NC,alternative rock,2
2026,NC,disco,1
2026,NC,djent,1
2026,NC,doom metal,1
2026,NC,electronic,2
2026,NC,experimental hip hop,1
2026,NC,hardcore,1
2026,NC,hip hop,1
2026,NC,melodic death metal,1
2026,NC,metalcore,3
2026,NC,psytrance,1
2026,NC,synth-pop,2
2026,NC,trap,1
2026,ND,brutal death metal,1
2026,ND,cabaret,1
2026,ND,comedy,1
2026,ND,country,5
2026,ND,folk rock,1
2026,ND,goth rock,3
2026,ND,hardcore,1
2026,ND,metal,2
2026,ND,pop,1
2026,ND,reggae,1
2026,ND,rock,1
2026,ND,unknown,2
2026,NE,alternative metal,1
2026,NE,alternative rock,1
2026,NE,americana,1
2026,NE,brutal death metal,1
2026,NE,contemporary christian,1
2026,NE,death metal,1
2026,NE,emo,1
2026,NE,folk,1
2026,NE,gangsta,1
2026,NE,hard rock,1
2026,NE,indie rock,2
2026,NE,lo-fi,1
2026,NE,post-hardcore,1
2026,NE,prog rock,1
2026,NE,rock,1
2026,NE,unknown,4
2026,NH,alternative country,1
2026,NH,alternative punk,1
2026,NH,blues rock,2
2026,NH,classic pop and rock,1
2026,NH,contemporary folk,1
2026,NH,country music,1
2026,NH,hip-hop,1
2026,NH,new wave,1
2026,NH,psychobilly,2
2026,NH,rock,3
2026,NH,surf rock,2
2026,NH,synth-pop,1
2026,NH,traditional pop,1
2026,NH,unknown,2
2026,NJ,alternative metal,1
2026,NJ,alternative rock,4
2026,NJ,bedroom pop,1
2026,NJ,electronic rock,1
2026,NJ,emo,1
2026,NJ,hard rock,1
2026,NJ,indie pop,1
2026,NJ,kawaii metal,1
2026,NJ,pop punk,2
2026,NJ,post-hardcore,1
2026,NJ,rock,2
2026,NJ,trance,1
2026,NJ,unknown,3
2026,NM,alternative metal,1
2026,NM,contemporary country,1
2026,NM,country,1
2026,NM,dansband,1
2026,NM,doo-wop,1
2026,NM,doom metal,1
2026,NM,emo,2
2026,NM,grunge,1
2026,NM,hard rock,1
2026,NM,hardcore,1
2026,NM,melodic hardcore,1
2026,NM,nu metal,1
2026,NM,pop punk,2
2026,NM,punk,1
2026,NM,singer-songwriter,1
2026,NM,soft rock,1
2026,NM,unknown,2
2026,NV,alternative hip hop,1
2026,NV,contemporary r&b,1
2026,NV,dance,1
2026,NV,deep house,1
2026,NV,edm,1
2026,NV,electronic,1
2026,NV,glam metal,1
2026,NV,heavy metal,1
2026,NV,hip hop,1
2026,NV,house,1
2026,NV,latin,1
2026,NV,pop,1
2026,NV,punk,3
2026,NV,punk rock,2
2026,NV,ska,1
2026,NV,unknown,2
2026,NY,cloud rap,1
2026,NY,comedy,1
2026,NY,deathcore,1
2026,NY,electronic,1
2026,NY,emo,1
2026,NY,hardcore,1
2026,NY,indie folk,1
2026,NY,indie rock,1
2026,NY,lo-fi,1
2026,NY,math rock,1
2026,NY,mathcore,2
2026,NY,noise rock,1
2026,NY,pop,1
2026,NY,psychedelic,1
2026,NY,rap,1
2026,NY,reggaeton,2
2026,NY,rock,2
2026,OH,alternative country,1
2026,OH,alternative metal,3
2026,OH,americana,1
2026,OH,blues,1
2026,OH,country,2
2026,OH,doom metal,1
2026,OH,filmi,1
2026,OH,hard rock,1
2026,OH,hip hop,2
2026,OH,indie rock,1
2026,OH,pop punk,2
2026,OH,post-hardcore,1
2026,OH,unknown,3
2026,OK,alternative metal,1
2026,OK,alternative rock,2
2026,OK,beatdown hardcore,1
2026,OK,blues,1
2026,OK,crossover thrash,1
2026,OK,hard rock,3
2026,OK,hardcore punk,3
2026,OK,heavy metal,1
2026,OK,hip-hop,1
2026,OK,indie folk,1
2026,OK,indie rock,1
2026,OK,metalcore,1
2026,OK,nu metal,1
2026,OK,thrash metal,2
2026,OR,alternative r&b,1
2026,OR,anatolian rock,1
2026,OR,cabaret,1
2026,OR,comedy,2
2026,OR,doom metal,2
2026,OR,electronic,1
2026,OR,funk,1
2026,OR,indie,1
2026,OR,indie pop,1
2026,OR,industrial metal,1
2026,OR,musical,1
2026,OR,opera,1
2026,OR,pop,1
2026,OR,psychedelic rock,2
2026,OR,punk rock,1
2026,OR,riot grrrl,1
2026,OR,rock,1
2026,PA,alternative metal,1
2026,PA,beatdown hardcore,1
2026,PA,blues,1
2026,PA,brutal death metal,1
2026,PA,country,1
2026,PA,death metal,2
2026,PA,folk,2
2026,PA,hard rock,1
2026,PA,hardcore,1
2026,PA,indie folk,2
2026,PA,metalcore,1
2026,PA,modern rock,1
2026,PA,noise rock,1
2026,PA,punk,2
2026,PA,singer-songwriter,1
2026,PA,unknown,1
2026,RI,americana,1
2026,RI,big band,1
2026,RI,black metal,1
2026,RI,bluegrass,2
2026,RI,blues,2
2026,RI,classic pop and rock,1
2026,RI,country,1
2026,RI,dixieland,1
2026,RI,folk,2
2026,RI,folk rock,1
2026,RI,funk,1
2026,RI,hardcore punk,1
2026,RI,new wave,1
2026,RI,rock,2
2026,RI,traditional pop,1
2026,RI,unknown,1
2026,SC,alternative hip hop,1
2026,SC,alternative rock,2
2026,SC,blues rock,1
2026,SC,christian rock,1
2026,SC,cloud rap,1
2026,SC,deathcore,1
2026,SC,emo,1
2026,SC,folk,1
2026,SC,funk rock,2
2026,SC,indie rock,1
2026,SC,jam band,1
2026,SC,mathcore,2
2026,SC,metalcore,1
2026,SC,post-hardcore,1
2026,SC,reggae,1
2026,SC,ska,1
2026,SC,synth-pop,1
2026,SD,alternative rock,2
2026,SD,beatdown hardcore,1
2026,SD,bro-country,2
2026,SD,brutal death metal,1
2026,SD,comedy rock,1
2026,SD,country,2
2026,SD,death metal,2
2026,SD,folk,1
2026,SD,folk rock,1
2026,SD,hard rock,1
2026,SD,hardcore,1
2026,SD,metalcore,1
2026,SD,pop rock,1
2026,SD,unknown,3
2026,TN,alternative rock,1
2026,TN,country rock,1
2026,TN,folk,1
2026,TN,garage rock,1
2026,TN,hardcore punk,1
2026,TN,hip hop,1
2026,TN,indie rock,1
2026,TN,metalcore,1
2026,TN,neo soul,1
2026,TN,pop rock,1
2026,TN,r&b,2
2026,TN,rap,1
2026,TN,rock,1
2026,TN,rock and indie,1
2026,TN,singer-songwriter,1
2026,TN,ska,1
2026,TN,southern rock,1
2026,TN,techno,1
2026,TN,unknown,1
2026,TX,alternative metal,1
2026,TX,alternative r&b,1
2026,TX,alternative rock,3
2026,TX,christian rock,1
2026,TX,dream pop,1
2026,TX,emo,2
2026,TX,folk,1
2026,TX,folk punk,1
2026,TX,hard rock,2
2026,TX,hardcore punk,1
2026,TX,indie pop,1
2026,TX,post-hardcore,3
2026,TX,r&b,1
2026,TX,unknown,1
2026,UT,alternative rock,1
2026,UT,ambient,1
2026,UT,blues,2
2026,UT,blues rock,1
2026,UT,deathcore,2
2026,UT,experimental,1
2026,UT,garage rock,1
2026,UT,hardcore punk,2
2026,UT,metalcore,1
2026,UT,new wave,2
2026,UT,pop,1
2026,UT,post-punk,1
2026,UT,psychedelic rock,1
2026,UT,rock,1
2026,UT,unknown,2
2026,VA,alternative rock,2
2026,VA,americana,1
2026,VA,cloud rap,1
2026,VA,contemporary r&b,1
2026,VA,country,1
2026,VA,cover band,1
2026,VA,electric blues,1
2026,VA,folk,1
2026,VA,hardcore punk,1
2026,VA,hip hop,2
2026,VA,metalcore,1
2026,VA,rap,1
2026,VA,rnb,1
2026,VA,soul,1
2026,VA,stoner metal,1
2026,VA,unknown,3
2026,VT,alternative country,1
2026,VT,americana,1
2026,VT,blues,1
2026,VT,blues rock,1
2026,VT,folk,1
2026,VT,hard rock,1
2026,VT,hip hop,1
2026,VT,indie,1
2026,VT,jam band,1
2026,VT,jazz,2
2026,VT,jazz-rock,1
2026,VT,pop,1
2026,VT,rock,1
2026,VT,singer-songwriter,1
2026,VT,soft rock,2
2026,VT,unknown,3
2026,WA,alternative r&b,1
2026,WA,anatolian rock,1
2026,WA,country,1
2026,WA,grunge,1
2026,WA,horror punk,2
2026,WA,nerdcore,1
2026,WA,opera,1
2026,WA,power metal,2
2026,WA,punk,4
2026,WA,punk rock,2
2026,WA,rock,2
2026,WA,symphonic metal,1
2026,WA,unknown,1
2026,WI,alternative hip hop,1
2026,WI,beatdown hardcore,1
2026,WI,brutal death metal,1
2026,WI,country,1
2026,WI,crunk,1
2026,WI,death metal,2
2026,WI,emo,1
2026,WI,folk,1
2026,WI,folk rock,1
2026,WI,funk,1
2026,WI,hardcore,1
2026,WI,hardcore punk,2
2026,WI,hip hop,1
2026,WI,hip-hop,1
2026,WI,metalcore,1
2026,WI,rap,1
2026,WI,rock music,1
2026,WI,unknown,1
2026,WV,alternative country,1
2026,WV,americana,1
2026,WV,blues,1
2026,WV,country,3
2026,WV,folk,1
2026,WV,folk rock,1
2026,WV,grunge,1
2026,WV,hard rock,2
2026,WV,psychobilly,1
2026,WV,punk rock,1
2026,WV,singer-songwriter,1
2026,WV,southern rock,1
2026,WV,surf,1
2026,WV,surf rock,1
2026,WV,unknown,3
2026,WY,#animaltalk,1
2026,WY,alternative rock,2
2026,WY,bluegrass,2
2026,WY,blues,1
2026,WY,blues rock,2
2026,WY,country,2
2026,WY,electronic,1
2026,WY,hip hop,2
2026,WY,indie rock,1
2026,WY,pop,1
2026,WY,singer-songwriter,1
2026,WY,soul,1
2026,WY,southern rock,1
2026,WY,unknown,2
